"Path","Namespace","Types","Lines"
"Assets\Scripts\Assembly-CSharp\ActorParent.cs","","ActorParent","4"
"Assets\Scripts\Assembly-CSharp\AdnDebuggerScreen.cs","","AdnDebuggerScreen","34"
"Assets\Scripts\Assembly-CSharp\AHAdAnalyzedResult.cs","","AHAdAnalyzedResult","13"
"Assets\Scripts\Assembly-CSharp\AHAdBlockReason.cs","","AHAdBlockReason","118"
"Assets\Scripts\Assembly-CSharp\AHAdFormat.cs","","AHAdFormat","10"
"Assets\Scripts\Assembly-CSharp\AHAdSdk.cs","","AHAdSdk","97"
"Assets\Scripts\Assembly-CSharp\AHAdStateResult.cs","","AHAdStateResult","8"
"Assets\Scripts\Assembly-CSharp\AHIncidentData.cs","","AHIncidentData","29"
"Assets\Scripts\Assembly-CSharp\AHSdkConfiguration.cs","","AHSdkConfiguration","58"
"Assets\Scripts\Assembly-CSharp\AHSdkDebug.cs","","AHSdkDebug","17"
"Assets\Scripts\Assembly-CSharp\AHTimeLimitConfig.cs","","AHTimeLimitConfig","18"
"Assets\Scripts\Assembly-CSharp\AHTimeLimitConfigExtensions.cs","","AHTimeLimitConfigExtensions","10"
"Assets\Scripts\Assembly-CSharp\AnalyticsProviderButton.cs","","AnalyticsProviderButton","34"
"Assets\Scripts\Assembly-CSharp\AndroidAdState.cs","","AndroidAdState","29"
"Assets\Scripts\Assembly-CSharp\AndroidAdWatcher.cs","","AndroidAdWatcher","73"
"Assets\Scripts\Assembly-CSharp\AppHarbr.cs","","AppHarbr","9"
"Assets\Scripts\Assembly-CSharp\AppHarbrAndroid.cs","","AppHarbrAndroid;BackgroundCallbackProxy","45"
"Assets\Scripts\Assembly-CSharp\AppHarbriOS.cs","","AppHarbriOS","4"
"Assets\Scripts\Assembly-CSharp\AppHarbrSdkCallbacks.cs","","AppHarbrSdkCallbacks","98"
"Assets\Scripts\Assembly-CSharp\AppHarbrSdkUtils.cs","","AppHarbrSdkUtils","30"
"Assets\Scripts\Assembly-CSharp\AudioManager.cs","","AudioManager","4"
"Assets\Scripts\Assembly-CSharp\BoosterType.cs","","BoosterType","8"
"Assets\Scripts\Assembly-CSharp\Bullet.cs","","Bullet","26"
"Assets\Scripts\Assembly-CSharp\ButtonTypes.cs","","ButtonTypes","7"
"Assets\Scripts\Assembly-CSharp\CFX_AutoDestructShuriken.cs","","CFX_AutoDestructShuriken;_003CCheckIfAlive_003Ed__2;implementation","79"
"Assets\Scripts\Assembly-CSharp\CFX_AutoRotate.cs","","CFX_AutoRotate","13"
"Assets\Scripts\Assembly-CSharp\CFX_AutoStopLoopedEffect.cs","","CFX_AutoStopLoopedEffect","18"
"Assets\Scripts\Assembly-CSharp\CFX_Demo_New.cs","","CFX_Demo_New;_003CCheckForDeletedParticles_003Ed__25;implementation","155"
"Assets\Scripts\Assembly-CSharp\CFX_Demo_RandomDir.cs","","CFX_Demo_RandomDir","13"
"Assets\Scripts\Assembly-CSharp\CFX_Demo_RandomDirectionTranslate.cs","","CFX_Demo_RandomDirectionTranslate","23"
"Assets\Scripts\Assembly-CSharp\CFX_Demo_RotateCamera.cs","","CFX_Demo_RotateCamera","15"
"Assets\Scripts\Assembly-CSharp\CFX_Demo_Translate.cs","","CFX_Demo_Translate","23"
"Assets\Scripts\Assembly-CSharp\CFX_LightFlicker.cs","","CFX_LightFlicker","30"
"Assets\Scripts\Assembly-CSharp\CFX_LightIntensityFade.cs","","CFX_LightIntensityFade","32"
"Assets\Scripts\Assembly-CSharp\Character.cs","","Character","258"
"Assets\Scripts\Assembly-CSharp\Character3D_View.cs","","Character3D_View","79"
"Assets\Scripts\Assembly-CSharp\CharacterAnimator.cs","","CharacterAnimator","31"
"Assets\Scripts\Assembly-CSharp\CharacterColorAmmoData.cs","","CharacterColorAmmoData","29"
"Assets\Scripts\Assembly-CSharp\CharacterFreeze.cs","","CharacterFreeze","50"
"Assets\Scripts\Assembly-CSharp\CharacterReserveHandler.cs","","CharacterReserveHandler","64"
"Assets\Scripts\Assembly-CSharp\CharacterVisual.cs","","CharacterVisual","130"
"Assets\Scripts\Assembly-CSharp\CinemachineManager.cs","","CinemachineManager","22"
"Assets\Scripts\Assembly-CSharp\ClearStencilHandler.cs","","ClearStencilHandler","19"
"Assets\Scripts\Assembly-CSharp\ColorChangeData.cs","","ColorChangeData","17"
"Assets\Scripts\Assembly-CSharp\ColorChanger.cs","","ColorChanger","54"
"Assets\Scripts\Assembly-CSharp\ColorData.cs","","ColorData","24"
"Assets\Scripts\Assembly-CSharp\ColorDataSO.cs","","ColorDataSO","13"
"Assets\Scripts\Assembly-CSharp\ColorType.cs","","ColorType","27"
"Assets\Scripts\Assembly-CSharp\ColorTypeDetector.cs","","ColorTypeDetector;CustomColorRange","50"
"Assets\Scripts\Assembly-CSharp\ControllerUiPanelSelectionButtons.cs","","ControllerUiPanelSelectionButtons","24"
"Assets\Scripts\Assembly-CSharp\CooldownRvConfig.cs","","CooldownRvConfig","24"
"Assets\Scripts\Assembly-CSharp\Crete.cs","","Crete","42"
"Assets\Scripts\Assembly-CSharp\CretePart.cs","","CretePart","23"
"Assets\Scripts\Assembly-CSharp\CustomAdjustEvent.cs","","CustomAdjustEvent","12"
"Assets\Scripts\Assembly-CSharp\CustomLabelAndValueAttribute.cs","","CustomLabelAndValueAttribute","15"
"Assets\Scripts\Assembly-CSharp\CustomLabelAttribute.cs","","CustomLabelAttribute","13"
"Assets\Scripts\Assembly-CSharp\DailyQuestConfig.cs","","DailyQuestConfig","36"
"Assets\Scripts\Assembly-CSharp\DailyQuestConfigData.cs","","DailyQuestConfigData","18"
"Assets\Scripts\Assembly-CSharp\DailyQuestConfigHolder.cs","","DailyQuestConfigHolder","9"
"Assets\Scripts\Assembly-CSharp\DailyQuestSpriteDatabase.cs","","DailyQuestSpriteDatabase","14"
"Assets\Scripts\Assembly-CSharp\DailyQuestType.cs","","DailyQuestType","10"
"Assets\Scripts\Assembly-CSharp\DailyRewardsController.cs","","DailyRewardsController","131"
"Assets\Scripts\Assembly-CSharp\DailyTaskController.cs","","DailyTaskController;_003CSetExTaskStatusUi_003Ed__34;implementation","275"
"Assets\Scripts\Assembly-CSharp\DailyTaskRewardButton.cs","","DailyTaskRewardButton","34"
"Assets\Scripts\Assembly-CSharp\DayRewardItem.cs","","DayRewardItem","15"
"Assets\Scripts\Assembly-CSharp\DayUiItem.cs","","DayUiItem","26"
"Assets\Scripts\Assembly-CSharp\DebugCopyButton.cs","","DebugCopyButton","39"
"Assets\Scripts\Assembly-CSharp\DelayCloseObject.cs","","DelayCloseObject;_003CDelayDestroy_003Ed__2;implementation","77"
"Assets\Scripts\Assembly-CSharp\DevelopmentModeOnly.cs","","DevelopmentModeOnly","20"
"Assets\Scripts\Assembly-CSharp\DoubleRvConfig.cs","","DoubleRvConfig","26"
"Assets\Scripts\Assembly-CSharp\DoubleRvGallery.cs","","DoubleRvGallery","24"
"Assets\Scripts\Assembly-CSharp\EasyHardLevelConfig.cs","","EasyHardLevelConfig","11"
"Assets\Scripts\Assembly-CSharp\EconomyConfig.cs","","EconomyConfig","56"
"Assets\Scripts\Assembly-CSharp\EditorManager.cs","","EditorManager","5"
"Assets\Scripts\Assembly-CSharp\ETFXProjectileScript.cs","","ETFXProjectileScript","25"
"Assets\Scripts\Assembly-CSharp\ETFXSceneManager.cs","","ETFXSceneManager","133"
"Assets\Scripts\Assembly-CSharp\EventManager.cs","","EventManager","13"
"Assets\Scripts\Assembly-CSharp\Events.cs","","Events","6"
"Assets\Scripts\Assembly-CSharp\ExplanationTextAttribute.cs","","ExplanationTextAttribute","13"
"Assets\Scripts\Assembly-CSharp\ExponentialBackoff.cs","","ExponentialBackoff;ExpBackoff;_003CBackoffCoroutine_003Ed__5;implementation","116"
"Assets\Scripts\Assembly-CSharp\Extension.cs","","Extension","9"
"Assets\Scripts\Assembly-CSharp\ExtraBoosterConfig.cs","","ExtraBoosterConfig","46"
"Assets\Scripts\Assembly-CSharp\FailPanelUI.cs","","FailPanelUI","21"
"Assets\Scripts\Assembly-CSharp\FailUICanvas.cs","","FailUICanvas","230"
"Assets\Scripts\Assembly-CSharp\FeatureConfig.cs","","FeatureConfig","10"
"Assets\Scripts\Assembly-CSharp\FeatureData.cs","","FeatureData","23"
"Assets\Scripts\Assembly-CSharp\FirebaseCrashlyticsProviderSDK.cs","","FirebaseCrashlyticsProviderSDK","15"
"Assets\Scripts\Assembly-CSharp\FsAdsConfig.cs","","FsAdsConfig","30"
"Assets\Scripts\Assembly-CSharp\GameEvents.cs","","GameEvents","57"
"Assets\Scripts\Assembly-CSharp\GameManager.cs","","GameManager;State","38"
"Assets\Scripts\Assembly-CSharp\GeometryUtils.cs","","GeometryUtils","25"
"Assets\Scripts\Assembly-CSharp\GridAStar.cs","","GridAStar","50"
"Assets\Scripts\Assembly-CSharp\GridController.cs","","GridController","48"
"Assets\Scripts\Assembly-CSharp\GridControllerEditor.cs","","GridControllerEditor","6"
"Assets\Scripts\Assembly-CSharp\GridNeedAmmo.cs","","GridNeedAmmo","41"
"Assets\Scripts\Assembly-CSharp\GridSlot.cs","","GridSlot","127"
"Assets\Scripts\Assembly-CSharp\GroupData.cs","","GroupData","12"
"Assets\Scripts\Assembly-CSharp\GuruEvent.cs","","GuruEvent;GuruEvent;GuruEvent","55"
"Assets\Scripts\Assembly-CSharp\HyperLinkOpener.cs","","HyperLinkOpener","12"
"Assets\Scripts\Assembly-CSharp\IColorable.cs","","IColorable","11"
"Assets\Scripts\Assembly-CSharp\IControlUiPanel.cs","","IControlUiPanel","7"
"Assets\Scripts\Assembly-CSharp\IEvent.cs","","IEvent","4"
"Assets\Scripts\Assembly-CSharp\IInteractable.cs","","IInteractable","5"
"Assets\Scripts\Assembly-CSharp\InteractManager.cs","","InteractManager","13"
"Assets\Scripts\Assembly-CSharp\IPaintable.cs","","IPaintable","19"
"Assets\Scripts\Assembly-CSharp\ISaveSystem.cs","","ISaveSystem","13"
"Assets\Scripts\Assembly-CSharp\ISelectable.cs","","ISelectable","9"
"Assets\Scripts\Assembly-CSharp\ISlot.cs","","ISlot","23"
"Assets\Scripts\Assembly-CSharp\ISlotable.cs","","ISlotable","11"
"Assets\Scripts\Assembly-CSharp\IThrowable.cs","","IThrowable","4"
"Assets\Scripts\Assembly-CSharp\IThrower.cs","","IThrower","35"
"Assets\Scripts\Assembly-CSharp\IThrowerUser.cs","","IThrowerUser","9"
"Assets\Scripts\Assembly-CSharp\JsonSaveSystem.cs","","JsonSaveSystem","31"
"Assets\Scripts\Assembly-CSharp\JsonUtils.cs","","JsonUtils","39"
"Assets\Scripts\Assembly-CSharp\Lane.cs","","Lane;_003CDelaySwap_003Ed__7;implementation","93"
"Assets\Scripts\Assembly-CSharp\LaneController.cs","","LaneController","63"
"Assets\Scripts\Assembly-CSharp\LaneData.cs","","LaneData","14"
"Assets\Scripts\Assembly-CSharp\LaneSlot.cs","","LaneSlot","57"
"Assets\Scripts\Assembly-CSharp\LargeHeaderAttribute.cs","","LargeHeaderAttribute","15"
"Assets\Scripts\Assembly-CSharp\LevelController.cs","","LevelController","41"
"Assets\Scripts\Assembly-CSharp\LevelDataSO.cs","","LevelDataSO","13"
"Assets\Scripts\Assembly-CSharp\LevelHolder.cs","","LevelHolder","8"
"Assets\Scripts\Assembly-CSharp\LevelIndicesConfig.cs","","LevelIndicesConfig","26"
"Assets\Scripts\Assembly-CSharp\LevelManager.cs","","LevelManager","45"
"Assets\Scripts\Assembly-CSharp\LevelPoolHolder.cs","","LevelPoolHolder","8"
"Assets\Scripts\Assembly-CSharp\LevelStartUiPanelController.cs","","LevelStartUiPanelController","13"
"Assets\Scripts\Assembly-CSharp\LevelUiCanvas.cs","","LevelUiCanvas","9"
"Assets\Scripts\Assembly-CSharp\MainMenuCanvasConfig.cs","","MainMenuCanvasConfig","24"
"Assets\Scripts\Assembly-CSharp\MainUICanvas_New.cs","","MainUICanvas_New","34"
"Assets\Scripts\Assembly-CSharp\MainUiCanvas.cs","","MainUiCanvas","4"
"Assets\Scripts\Assembly-CSharp\MaxNativeAdsSdkUtils.cs","","MaxNativeAdsSdkUtils","45"
"Assets\Scripts\Assembly-CSharp\MediumSpacerAttribute.cs","","MediumSpacerAttribute","8"
"Assets\Scripts\Assembly-CSharp\MultiDisplayUtils.cs","","MultiDisplayUtils","10"
"Assets\Scripts\Assembly-CSharp\MusicManager.cs","","MusicManager","38"
"Assets\Scripts\Assembly-CSharp\MyRewardedInterstitialCallbacks.cs","","MyRewardedInterstitialCallbacks","23"
"Assets\Scripts\Assembly-CSharp\NewBoosterConfig.cs","","NewBoosterConfig","10"
"Assets\Scripts\Assembly-CSharp\NewBoosterData.cs","","NewBoosterData","19"
"Assets\Scripts\Assembly-CSharp\NewFeatureConfig.cs","","NewFeatureConfig","10"
"Assets\Scripts\Assembly-CSharp\NewFeatureData.cs","","NewFeatureData","17"
"Assets\Scripts\Assembly-CSharp\ObjectPoolManager.cs","","ObjectPoolManager","13"
"Assets\Scripts\Assembly-CSharp\Obstacle.cs","","Obstacle","20"
"Assets\Scripts\Assembly-CSharp\OnCharacterMoved.cs","","OnCharacterMoved","4"
"Assets\Scripts\Assembly-CSharp\OnCharacterMoveToStash.cs","","OnCharacterMoveToStash","4"
"Assets\Scripts\Assembly-CSharp\OnCharacterShoot.cs","","OnCharacterShoot","4"
"Assets\Scripts\Assembly-CSharp\OnCoinChanged.cs","","OnCoinChanged","4"
"Assets\Scripts\Assembly-CSharp\OnFeatureDoneLevel.cs","","OnFeatureDoneLevel","4"
"Assets\Scripts\Assembly-CSharp\OnGameStateChanged.cs","","OnGameStateChanged","4"
"Assets\Scripts\Assembly-CSharp\OnIsSoundOnChanged.cs","","OnIsSoundOnChanged","4"
"Assets\Scripts\Assembly-CSharp\OnLevelWinEffect.cs","","OnLevelWinEffect","4"
"Assets\Scripts\Assembly-CSharp\OnPainted.cs","","OnPainted","4"
"Assets\Scripts\Assembly-CSharp\PaintableController.cs","","PaintableController","16"
"Assets\Scripts\Assembly-CSharp\PaintableGrid.cs","","PaintableGrid;CompressedPaintablePart;CompressedLevel","234"
"Assets\Scripts\Assembly-CSharp\PaintableGridSlot.cs","","PaintableGridSlot","44"
"Assets\Scripts\Assembly-CSharp\PaintableGridWorldCanvas.cs","","PaintableGridWorldCanvas","36"
"Assets\Scripts\Assembly-CSharp\PaintablePart.cs","","PaintablePart;_003CEmptyInBatchesOptimized_003Ed__65;implementation","248"
"Assets\Scripts\Assembly-CSharp\ParticleEffectsLibrary.cs","","ParticleEffectsLibrary","51"
"Assets\Scripts\Assembly-CSharp\PEButtonScript.cs","","PEButtonScript","27"
"Assets\Scripts\Assembly-CSharp\Pipe.cs","","Pipe","69"
"Assets\Scripts\Assembly-CSharp\PointerController.cs","","PointerController","22"
"Assets\Scripts\Assembly-CSharp\QuadLaneSlotConfig.cs","","QuadLaneSlotConfig","26"
"Assets\Scripts\Assembly-CSharp\ReadOnlyAttribute.cs","","ReadOnlyAttribute","6"
"Assets\Scripts\Assembly-CSharp\RemoteLevelOrderConfig.cs","","RemoteLevelOrderConfig","36"
"Assets\Scripts\Assembly-CSharp\RemoteLevelPool.cs","","RemoteLevelPool","33"
"Assets\Scripts\Assembly-CSharp\ReserveButton3D.cs","","ReserveButton3D","92"
"Assets\Scripts\Assembly-CSharp\ReserveConfig.cs","","ReserveConfig","37"
"Assets\Scripts\Assembly-CSharp\ReserveSlotOverrideController.cs","","ReserveSlotOverrideController","15"
"Assets\Scripts\Assembly-CSharp\ReserveUICanvas.cs","","ReserveUICanvas","145"
"Assets\Scripts\Assembly-CSharp\RewardData.cs","","RewardData","13"
"Assets\Scripts\Assembly-CSharp\RewardedInterstitialCallbacks.cs","","RewardedInterstitialCallbacks","13"
"Assets\Scripts\Assembly-CSharp\RopeMoveType.cs","","RopeMoveType","6"
"Assets\Scripts\Assembly-CSharp\RopeRowItemColor.cs","","RopeRowItemColor","9"
"Assets\Scripts\Assembly-CSharp\RopeRowItemState.cs","","RopeRowItemState","7"
"Assets\Scripts\Assembly-CSharp\SandQuestBotController.cs","","SandQuestBotController;_003CDisableBotAfterParticle_003Ed__5;implementation","88"
"Assets\Scripts\Assembly-CSharp\SandQuestBotIconDatabase.cs","","SandQuestBotIconDatabase","21"
"Assets\Scripts\Assembly-CSharp\SandQuestConfig.cs","","SandQuestConfig","30"
"Assets\Scripts\Assembly-CSharp\SandQuestController.cs","","SandQuestController;_003CCountInt_003Ed__36;implementation","251"
"Assets\Scripts\Assembly-CSharp\SandQuestCooldownState.cs","","SandQuestCooldownState","7"
"Assets\Scripts\Assembly-CSharp\SandQuestEventState.cs","","SandQuestEventState","6"
"Assets\Scripts\Assembly-CSharp\SandQuestFirstOpenState.cs","","SandQuestFirstOpenState","6"
"Assets\Scripts\Assembly-CSharp\SandQuestJoinState.cs","","SandQuestJoinState","6"
"Assets\Scripts\Assembly-CSharp\SandQuestLevelState.cs","","SandQuestLevelState","6"
"Assets\Scripts\Assembly-CSharp\SandQuestSceneLoadState.cs","","SandQuestSceneLoadState","6"
"Assets\Scripts\Assembly-CSharp\SandQuestUiPanel.cs","","SandQuestUiPanel","66"
"Assets\Scripts\Assembly-CSharp\SandQuestUiPopupPanel.cs","","SandQuestUiPopupPanel","36"
"Assets\Scripts\Assembly-CSharp\SandQuestWidgetSlot.cs","","SandQuestWidgetSlot","63"
"Assets\Scripts\Assembly-CSharp\SandStepImage.cs","","SandStepImage","59"
"Assets\Scripts\Assembly-CSharp\SaveManager.cs","","SaveManager","28"
"Assets\Scripts\Assembly-CSharp\SaveState.cs","","SaveState","127"
"Assets\Scripts\Assembly-CSharp\ScalerControlUiPanel.cs","","ScalerControlUiPanel","19"
"Assets\Scripts\Assembly-CSharp\Scene_Manager.cs","","Scene_Manager;_003COpenSceneAsync_003Ed__3;implementation","84"
"Assets\Scripts\Assembly-CSharp\SelectionController.cs","","SelectionController","70"
"Assets\Scripts\Assembly-CSharp\SeparatorAttribute.cs","","SeparatorAttribute","8"
"Assets\Scripts\Assembly-CSharp\SettingsItem.cs","","SettingsItem","6"
"Assets\Scripts\Assembly-CSharp\SettingsUiCanvas.cs","","SettingsUiCanvas","4"
"Assets\Scripts\Assembly-CSharp\SettingsUiPanelController.cs","","SettingsUiPanelController","48"
"Assets\Scripts\Assembly-CSharp\SFXManager.cs","","SFXManager","25"
"Assets\Scripts\Assembly-CSharp\ShifterControlUiPanel.cs","","ShifterControlUiPanel","17"
"Assets\Scripts\Assembly-CSharp\Singleton.cs","","Singleton","16"
"Assets\Scripts\Assembly-CSharp\SpacerAttribute.cs","","SpacerAttribute","7"
"Assets\Scripts\Assembly-CSharp\SpriteDatabaseItem.cs","","SpriteDatabaseItem","11"
"Assets\Scripts\Assembly-CSharp\StashController.cs","","StashController;_003CDelayedInstantiateReserveHandler_003Ed__25;implementation","183"
"Assets\Scripts\Assembly-CSharp\StepContainer.cs","","StepContainer;_003CAnimateBotGroups_003Ed__30;implementation;_003CAnimateBotsToTargetStep_003Ed__29;implementation;_003CDisableBotsAfterDelay_003Ed__27;implementation;_003CSetupAnimatedBots_003Ed__22;implementation;_003CSetupStepWithBots_003Ed__18;implementation","424"
"Assets\Scripts\Assembly-CSharp\SubHeaderAttribute.cs","","SubHeaderAttribute","13"
"Assets\Scripts\Assembly-CSharp\TaskData.cs","","TaskData","17"
"Assets\Scripts\Assembly-CSharp\TaskStatus.cs","","TaskStatus","18"
"Assets\Scripts\Assembly-CSharp\TaskUiItem.cs","","TaskUiItem","28"
"Assets\Scripts\Assembly-CSharp\TransformExtensions.cs","","TransformExtensions","9"
"Assets\Scripts\Assembly-CSharp\TutorialUiCanvas.cs","","TutorialUiCanvas","43"
"Assets\Scripts\Assembly-CSharp\TutorialUiHand.cs","","TutorialUiHand","25"
"Assets\Scripts\Assembly-CSharp\UIBoosterController.cs","","UIBoosterController;_003CDelaySelected_003Ed__62;implementation","278"
"Assets\Scripts\Assembly-CSharp\UiButtonAddSpace.cs","","UiButtonAddSpace;_003CDelayOtoClose_003Ed__3;implementation","81"
"Assets\Scripts\Assembly-CSharp\UiButtonContoller.cs","","UiButtonContoller","15"
"Assets\Scripts\Assembly-CSharp\UiCanvas.cs","","UiCanvas","24"
"Assets\Scripts\Assembly-CSharp\UiCanvasController.cs","","UiCanvasController;_003CDelayCallFeature_003Ed__49;implementation;_003CSceneOpenDelay_003Ed__60;implementation;_003CWaitReward_003Ed__61;implementation","382"
"Assets\Scripts\Assembly-CSharp\UICanvasManager.cs","","UICanvasManager","52"
"Assets\Scripts\Assembly-CSharp\UiCoinText.cs","","UiCoinText","60"
"Assets\Scripts\Assembly-CSharp\UiEasyHardLevelManager.cs","","UiEasyHardLevelManager;_003CDelayPopUp_003Ed__7;implementation","93"
"Assets\Scripts\Assembly-CSharp\UiFeatureController.cs","","UiFeatureController;_003CDelayFill_003Ed__19;implementation","135"
"Assets\Scripts\Assembly-CSharp\UiFeatureInfoPanel.cs","","UiFeatureInfoPanel","30"
"Assets\Scripts\Assembly-CSharp\UiFeatureManager.cs","","UiFeatureManager;_003CDelayPopUp_003Ed__10;implementation","116"
"Assets\Scripts\Assembly-CSharp\UiHomeButton.cs","","UiHomeButton","9"
"Assets\Scripts\Assembly-CSharp\UiLevel.cs","","UiLevel","35"
"Assets\Scripts\Assembly-CSharp\UiLevelLayout.cs","","UiLevelLayout","26"
"Assets\Scripts\Assembly-CSharp\UILevelManuelChange.cs","","UILevelManuelChange","13"
"Assets\Scripts\Assembly-CSharp\UiLevelOnlyText.cs","","UiLevelOnlyText","15"
"Assets\Scripts\Assembly-CSharp\UiLevelText.cs","","UiLevelText;_003CDelayStart_003Ed__21;implementation","116"
"Assets\Scripts\Assembly-CSharp\UiLevelWinEffect.cs","","UiLevelWinEffect","26"
"Assets\Scripts\Assembly-CSharp\UiLoadingSlider.cs","","UiLoadingSlider","21"
"Assets\Scripts\Assembly-CSharp\UiNewBoosterManager.cs","","UiNewBoosterManager;_003CDelayPopUp_003Ed__5;implementation","90"
"Assets\Scripts\Assembly-CSharp\UiNewBoosterPanel.cs","","UiNewBoosterPanel","20"
"Assets\Scripts\Assembly-CSharp\UiNewFeatureManager.cs","","UiNewFeatureManager;_003CDelayPopUp_003Ed__6;implementation","93"
"Assets\Scripts\Assembly-CSharp\UiNewFeaturePanel.cs","","UiNewFeaturePanel","20"
"Assets\Scripts\Assembly-CSharp\UiPanel.cs","","UiPanel","22"
"Assets\Scripts\Assembly-CSharp\UiPanelSelectionButton.cs","","UiPanelSelectionButton","37"
"Assets\Scripts\Assembly-CSharp\UiProgressBar.cs","","UiProgressBar;_003CDelayCheck_003Ed__8;implementation","98"
"Assets\Scripts\Assembly-CSharp\UiQuadLaneBoosterController.cs","","UiQuadLaneBoosterController","94"
"Assets\Scripts\Assembly-CSharp\UiRewardCoinEffectController.cs","","UiRewardCoinEffectController;_003CDelaySpawn_003Ed__25;implementation","127"
"Assets\Scripts\Assembly-CSharp\UiRewardStarCollectEffect.cs","","UiRewardStarCollectEffect;_003CDelaySpawn_003Ed__7;implementation","92"
"Assets\Scripts\Assembly-CSharp\UISelectAnyBooster.cs","","UISelectAnyBooster","12"
"Assets\Scripts\Assembly-CSharp\UiSettingsItemController.cs","","UiSettingsItemController","26"
"Assets\Scripts\Assembly-CSharp\UiSetttingOnOffButton.cs","","UiSetttingOnOffButton","33"
"Assets\Scripts\Assembly-CSharp\UiSlot.cs","","UiSlot","8"
"Assets\Scripts\Assembly-CSharp\VibrationManager.cs","","VibrationManager","7"
"Assets\Scripts\Assembly-CSharp\VoodooCheatDebugger.cs","","VoodooCheatDebugger","103"
"Assets\Scripts\Assembly-CSharp\VoodooSauce.cs","","VoodooSauce;AnalyticsProvider","538"
"Assets\Scripts\Assembly-CSharp\WarningMessageAttribute.cs","","WarningMessageAttribute","13"
"Assets\Scripts\Assembly-CSharp\WatchAppHarbrAds.cs","","WatchAppHarbrAds","19"
"Assets\Scripts\Assembly-CSharp\WatchAppHarbrBannerAd.cs","","WatchAppHarbrBannerAd","15"
"Assets\Scripts\Assembly-CSharp\AlmostEngine\HotKey.cs","AlmostEngine","HotKey","31"
"Assets\Scripts\Assembly-CSharp\AlmostEngine\PathUtils.cs","AlmostEngine","PathUtils","11"
"Assets\Scripts\Assembly-CSharp\AlmostEngine\SerializableDictionary.cs","AlmostEngine","SerializableDictionary","48"
"Assets\Scripts\Assembly-CSharp\AlmostEngine\Singleton.cs","AlmostEngine","Singleton","24"
"Assets\Scripts\Assembly-CSharp\AlmostEngine\UnityVersion.cs","AlmostEngine","UnityVersion","11"
"Assets\Scripts\Assembly-CSharp\AlmostEngine\Examples\Bounce.cs","AlmostEngine.Examples","Bounce","20"
"Assets\Scripts\Assembly-CSharp\AlmostEngine\Examples\CameraController.cs","AlmostEngine.Examples","CameraController","37"
"Assets\Scripts\Assembly-CSharp\AlmostEngine\Examples\CaptureCameraToTextureExample.cs","AlmostEngine.Examples","CaptureCameraToTextureExample;_003CCaptureToTexture_003Ed__7;implementation","91"
"Assets\Scripts\Assembly-CSharp\AlmostEngine\Examples\CaptureScreenshotExample.cs","AlmostEngine.Examples","CaptureScreenshotExample","26"
"Assets\Scripts\Assembly-CSharp\AlmostEngine\Examples\CaptureScreenToTextureExample.cs","AlmostEngine.Examples","CaptureScreenToTextureExample;_003CCaptureToTexture_003Ed__4;implementation","85"
"Assets\Scripts\Assembly-CSharp\AlmostEngine\Examples\DebugText.cs","AlmostEngine.Examples","DebugText","19"
"Assets\Scripts\Assembly-CSharp\AlmostEngine\Examples\HideAndroidButtons.cs","AlmostEngine.Examples","HideAndroidButtons","32"
"Assets\Scripts\Assembly-CSharp\AlmostEngine\Examples\MenuController.cs","AlmostEngine.Examples","MenuController","18"
"Assets\Scripts\Assembly-CSharp\AlmostEngine\Preview\MaskRenderer.cs","AlmostEngine.Preview","MaskRenderer","27"
"Assets\Scripts\Assembly-CSharp\AlmostEngine\Preview\MultiDevicePreviewGallery.cs","AlmostEngine.Preview","MultiDevicePreviewGallery","10"
"Assets\Scripts\Assembly-CSharp\AlmostEngine\Screenshot\AndroidUtils.cs","AlmostEngine.Screenshot","AndroidUtils","57"
"Assets\Scripts\Assembly-CSharp\AlmostEngine\Screenshot\GameViewController.cs","AlmostEngine.Screenshot","GameViewController","25"
"Assets\Scripts\Assembly-CSharp\AlmostEngine\Screenshot\MultiDisplayCameraCapture.cs","AlmostEngine.Screenshot","MultiDisplayCameraCapture","25"
"Assets\Scripts\Assembly-CSharp\AlmostEngine\Screenshot\PopularityPresetAsset.cs","AlmostEngine.Screenshot","PopularityPresetAsset;Stat","25"
"Assets\Scripts\Assembly-CSharp\AlmostEngine\Screenshot\PresetCollectionAsset.cs","AlmostEngine.Screenshot","PresetCollectionAsset","13"
"Assets\Scripts\Assembly-CSharp\AlmostEngine\Screenshot\ScreenshotBatch.cs","AlmostEngine.Screenshot","ScreenshotBatch","18"
"Assets\Scripts\Assembly-CSharp\AlmostEngine\Screenshot\ScreenshotCamera.cs","AlmostEngine.Screenshot","ScreenshotCamera;CustomSettings;Settings","76"
"Assets\Scripts\Assembly-CSharp\AlmostEngine\Screenshot\ScreenshotComposer.cs","AlmostEngine.Screenshot","ScreenshotComposer;_003CCaptureCompositionCoroutine_003Ed__10;implementation;_003CCaptureCoroutine_003Ed__5;implementation;_003CCaptureInnerTextureCoroutine_003Ed__6;implementation;_003CComputeInnerTextureSizeCoroutine_003Ed__9;implementation","328"
"Assets\Scripts\Assembly-CSharp\AlmostEngine\Screenshot\ScreenshotConfig.cs","AlmostEngine.Screenshot","ScreenshotConfig;AntiAliasing;ShotMode;CamerasMode;ResolutionMode;CompositionMode;BatchMode","274"
"Assets\Scripts\Assembly-CSharp\AlmostEngine\Screenshot\ScreenshotManager.cs","AlmostEngine.Screenshot","ScreenshotManager;_003CCaptureAllCoroutine_003Ed__20;implementation;_003CCaptureCoroutine_003Ed__21;implementation;_003CUpdateAllCoroutine_003Ed__19;implementation;_003CUpdateCoroutine_003Ed__24;implementation;_003CUpdatePreviewCoroutine_003Ed__31;implementation","468"
"Assets\Scripts\Assembly-CSharp\AlmostEngine\Screenshot\ScreenshotNameParser.cs","AlmostEngine.Screenshot","ScreenshotNameParser;DestinationFolder","39"
"Assets\Scripts\Assembly-CSharp\AlmostEngine\Screenshot\ScreenshotOverlay.cs","AlmostEngine.Screenshot","ScreenshotOverlay;Settings","50"
"Assets\Scripts\Assembly-CSharp\AlmostEngine\Screenshot\ScreenshotProcess.cs","AlmostEngine.Screenshot","ScreenshotProcess;_003CProcessCoroutine_003Ed__1;implementation","81"
"Assets\Scripts\Assembly-CSharp\AlmostEngine\Screenshot\ScreenshotResolution.cs","AlmostEngine.Screenshot","ScreenshotResolution;Orientation","97"
"Assets\Scripts\Assembly-CSharp\AlmostEngine\Screenshot\ScreenshotResolutionAsset.cs","AlmostEngine.Screenshot","ScreenshotResolutionAsset","12"
"Assets\Scripts\Assembly-CSharp\AlmostEngine\Screenshot\ScreenshotTaker.cs","AlmostEngine.Screenshot","ScreenshotTaker;ColorFormat;CaptureMode;GameViewResizingWaitingMode;_003CCaptureAllCoroutine_003Ed__25;implementation;_003CCaptureCamerasToTextureCoroutine_003Ed__22;implementation;_003CCaptureResolutionCoroutine_003Ed__24;implementation;_003CCaptureResolutionTextureCoroutine_003Ed__26;implementation;_003CCaptureScreenToTextureCoroutine_003Ed__21;implementation;_003CCaptureToTextureCoroutine_003Ed__23;implementation;_003CMultiDisplayCopyRenderBufferToTextureCoroutine_003Ed__30;implementation;_003CRecomputeAlphaMask_003Ed__48;implementation","755"
"Assets\Scripts\Assembly-CSharp\AlmostEngine\Screenshot\SimpleScreenshotCapture.cs","AlmostEngine.Screenshot","SimpleScreenshotCapture;_003CCaptureCoroutine_003Ed__5;implementation","115"
"Assets\Scripts\Assembly-CSharp\AlmostEngine\Screenshot\TextureExporter.cs","AlmostEngine.Screenshot","TextureExporter;ImageFileFormat;ImageFile","48"
"Assets\Scripts\Assembly-CSharp\AlmostEngine\Screenshot\UltimateScreenshotCreator.cs","AlmostEngine.Screenshot","UltimateScreenshotCreator","10"
"Assets\Scripts\Assembly-CSharp\AlmostEngine\Screenshot\Extra\ChangeLanguageProcess.cs","AlmostEngine.Screenshot.Extra","ChangeLanguageProcess","12"
"Assets\Scripts\Assembly-CSharp\AlmostEngine\Screenshot\Extra\GreyboxCanvas.cs","AlmostEngine.Screenshot.Extra","GreyboxCanvas;_003CDelayedUpdate_003Ed__10;implementation","119"
"Assets\Scripts\Assembly-CSharp\AlmostEngine\Screenshot\Extra\GridGalleryCanvas.cs","AlmostEngine.Screenshot.Extra","GridGalleryCanvas","46"
"Assets\Scripts\Assembly-CSharp\AlmostEngine\Screenshot\Extra\HideOnCapture.cs","AlmostEngine.Screenshot.Extra","HideOnCapture","24"
"Assets\Scripts\Assembly-CSharp\AlmostEngine\Screenshot\Extra\MessageCanvas.cs","AlmostEngine.Screenshot.Extra","MessageCanvas;_003CDestroyMessageCoroutine_003Ed__10;implementation","107"
"Assets\Scripts\Assembly-CSharp\AlmostEngine\Screenshot\Extra\RequestAuthAtStartup.cs","AlmostEngine.Screenshot.Extra","RequestAuthAtStartup","12"
"Assets\Scripts\Assembly-CSharp\AlmostEngine\Screenshot\Extra\RotateScreenshot.cs","AlmostEngine.Screenshot.Extra","RotateScreenshot","30"
"Assets\Scripts\Assembly-CSharp\AlmostEngine\Screenshot\Extra\ScreenshotCutter.cs","AlmostEngine.Screenshot.Extra","ScreenshotCutter","45"
"Assets\Scripts\Assembly-CSharp\AlmostEngine\Screenshot\Extra\ScreenshotGallery.cs","AlmostEngine.Screenshot.Extra","ScreenshotGallery;_003CDelayedUpdate_003Ed__8;implementation","121"
"Assets\Scripts\Assembly-CSharp\AlmostEngine\Screenshot\Extra\SetScreenshotGalleryFolderPath.cs","AlmostEngine.Screenshot.Extra","SetScreenshotGalleryFolderPath","16"
"Assets\Scripts\Assembly-CSharp\AlmostEngine\Screenshot\Extra\ShowScreenshotThumbnail.cs","AlmostEngine.Screenshot.Extra","ShowScreenshotThumbnail;_003CShowCoroutine_003Ed__8;implementation","96"
"Assets\Scripts\Assembly-CSharp\AlmostEngine\Screenshot\Extra\TakeScreenshotButton.cs","AlmostEngine.Screenshot.Extra","TakeScreenshotButton","22"
"Assets\Scripts\Assembly-CSharp\AlmostEngine\Screenshot\Extra\ValidationCanvas.cs","AlmostEngine.Screenshot.Extra","ValidationCanvas","33"
"Assets\Scripts\Assembly-CSharp\AlmostEngine\SimpleLocalization\ISimpleLocalizer.cs","AlmostEngine.SimpleLocalization","ISimpleLocalizer","14"
"Assets\Scripts\Assembly-CSharp\AlmostEngine\SimpleLocalization\LanguageSwitcher.cs","AlmostEngine.SimpleLocalization","LanguageSwitcher","12"
"Assets\Scripts\Assembly-CSharp\AlmostEngine\SimpleLocalization\SimpleImageLocalizer.cs","AlmostEngine.SimpleLocalization","SimpleImageLocalizer;Localization","40"
"Assets\Scripts\Assembly-CSharp\AlmostEngine\SimpleLocalization\SimpleLocalizationLanguagesAsset.cs","AlmostEngine.SimpleLocalization","SimpleLocalizationLanguagesAsset","20"
"Assets\Scripts\Assembly-CSharp\AlmostEngine\SimpleLocalization\SimpleTextLocalizer.cs","AlmostEngine.SimpleLocalization","SimpleTextLocalizer;Localization","40"
"Assets\Scripts\Assembly-CSharp\AppHarbrSDK\Internal\MainThreadDispatcher.cs","AppHarbrSDK.Internal","MainThreadDispatcher","28"
"Assets\Scripts\Assembly-CSharp\AppHarbrSDK\ThirdParty\MiniJson\Json.cs","AppHarbrSDK.ThirdParty.MiniJson","Json;Parser;TOKEN;Serializer","143"
"Assets\Scripts\Assembly-CSharp\Audiomob\Unmanaged\AudiomobLocationService.cs","Audiomob.Unmanaged","AudiomobLocationService","19"
"Assets\Scripts\Assembly-CSharp\Audiomob\Unmanaged\AudiomobPluginInitialization.cs","Audiomob.Unmanaged","AudiomobPluginInitialization","36"
"Assets\Scripts\Assembly-CSharp\Coffee\UIExtensions\ShinyEffectForUGUI.cs","Coffee.UIExtensions","ShinyEffectForUGUI;Matrix2x3;_003CCoPlay_003Ed__40;implementation","263"
"Assets\Scripts\Assembly-CSharp\ConsentManagementProvider\CALLBACK_TYPE.cs","ConsentManagementProvider","CALLBACK_TYPE","28"
"Assets\Scripts\Assembly-CSharp\ConsentManagementProvider\CAMPAIGN_ENV.cs","ConsentManagementProvider","CAMPAIGN_ENV","9"
"Assets\Scripts\Assembly-CSharp\ConsentManagementProvider\CAMPAIGN_TYPE.cs","ConsentManagementProvider","CAMPAIGN_TYPE","11"
"Assets\Scripts\Assembly-CSharp\ConsentManagementProvider\CcpaConsent.cs","ConsentManagementProvider","CcpaConsent","43"
"Assets\Scripts\Assembly-CSharp\ConsentManagementProvider\CMP.cs","ConsentManagementProvider","CMP","94"
"Assets\Scripts\Assembly-CSharp\ConsentManagementProvider\CmpDebugUtil.cs","ConsentManagementProvider","CmpDebugUtil","48"
"Assets\Scripts\Assembly-CSharp\ConsentManagementProvider\CMPTestUtils.cs","ConsentManagementProvider","CMPTestUtils","28"
"Assets\Scripts\Assembly-CSharp\ConsentManagementProvider\CONSENT_ACTION_TYPE.cs","ConsentManagementProvider","CONSENT_ACTION_TYPE","14"
"Assets\Scripts\Assembly-CSharp\ConsentManagementProvider\Consentable.cs","ConsentManagementProvider","Consentable","10"
"Assets\Scripts\Assembly-CSharp\ConsentManagementProvider\ConsentMessenger.cs","ConsentManagementProvider","ConsentMessenger","21"
"Assets\Scripts\Assembly-CSharp\ConsentManagementProvider\ConsentStatus.cs","ConsentManagementProvider","ConsentStatus","37"
"Assets\Scripts\Assembly-CSharp\ConsentManagementProvider\ConsentString.cs","ConsentManagementProvider","ConsentString","16"
"Assets\Scripts\Assembly-CSharp\ConsentManagementProvider\GdprConsent.cs","ConsentManagementProvider","GdprConsent","31"
"Assets\Scripts\Assembly-CSharp\ConsentManagementProvider\GranularStatus.cs","ConsentManagementProvider","GranularStatus","37"
"Assets\Scripts\Assembly-CSharp\ConsentManagementProvider\ICmpSdk.cs","ConsentManagementProvider","ICmpSdk","14"
"Assets\Scripts\Assembly-CSharp\ConsentManagementProvider\IOnConsentAction.cs","ConsentManagementProvider","IOnConsentAction","11"
"Assets\Scripts\Assembly-CSharp\ConsentManagementProvider\IOnConsentError.cs","ConsentManagementProvider","IOnConsentError","12"
"Assets\Scripts\Assembly-CSharp\ConsentManagementProvider\IOnConsentReady.cs","ConsentManagementProvider","IOnConsentReady","11"
"Assets\Scripts\Assembly-CSharp\ConsentManagementProvider\IOnConsentSpFinished.cs","ConsentManagementProvider","IOnConsentSpFinished","11"
"Assets\Scripts\Assembly-CSharp\ConsentManagementProvider\IOnConsentUIFinished.cs","ConsentManagementProvider","IOnConsentUIFinished","11"
"Assets\Scripts\Assembly-CSharp\ConsentManagementProvider\IOnConsentUIReady.cs","ConsentManagementProvider","IOnConsentUIReady","11"
"Assets\Scripts\Assembly-CSharp\ConsentManagementProvider\ISpSdk.cs","ConsentManagementProvider","ISpSdk","29"
"Assets\Scripts\Assembly-CSharp\ConsentManagementProvider\MESSAGE_LANGUAGE.cs","ConsentManagementProvider","MESSAGE_LANGUAGE","46"
"Assets\Scripts\Assembly-CSharp\ConsentManagementProvider\PRIVACY_MANAGER_TAB.cs","ConsentManagementProvider","PRIVACY_MANAGER_TAB","11"
"Assets\Scripts\Assembly-CSharp\ConsentManagementProvider\SpAction.cs","ConsentManagementProvider","SpAction","14"
"Assets\Scripts\Assembly-CSharp\ConsentManagementProvider\SpCampaign.cs","ConsentManagementProvider","SpCampaign","28"
"Assets\Scripts\Assembly-CSharp\ConsentManagementProvider\SpCcpaConsent.cs","ConsentManagementProvider","SpCcpaConsent","14"
"Assets\Scripts\Assembly-CSharp\ConsentManagementProvider\SpConsents.cs","ConsentManagementProvider","SpConsents","16"
"Assets\Scripts\Assembly-CSharp\ConsentManagementProvider\SPGCMData.cs","ConsentManagementProvider","SPGCMData;Status","24"
"Assets\Scripts\Assembly-CSharp\ConsentManagementProvider\SpGdprConsent.cs","ConsentManagementProvider","SpGdprConsent","14"
"Assets\Scripts\Assembly-CSharp\ConsentManagementProvider\SpUsnatConsent.cs","ConsentManagementProvider","SpUsnatConsent","14"
"Assets\Scripts\Assembly-CSharp\ConsentManagementProvider\SpVendorGrant.cs","ConsentManagementProvider","SpVendorGrant","16"
"Assets\Scripts\Assembly-CSharp\ConsentManagementProvider\StatusesUsnat.cs","ConsentManagementProvider","StatusesUsnat","36"
"Assets\Scripts\Assembly-CSharp\ConsentManagementProvider\TargetingParam.cs","ConsentManagementProvider","TargetingParam","18"
"Assets\Scripts\Assembly-CSharp\ConsentManagementProvider\UsnatConsent.cs","ConsentManagementProvider","UsnatConsent","35"
"Assets\Scripts\Assembly-CSharp\ConsentManagementProvider\Android\AndroidJavaConstruct.cs","ConsentManagementProvider.Android","AndroidJavaConstruct","66"
"Assets\Scripts\Assembly-CSharp\ConsentManagementProvider\Android\CmpAndroidLoggerProxy.cs","ConsentManagementProvider.Android","CmpAndroidLoggerProxy","71"
"Assets\Scripts\Assembly-CSharp\ConsentManagementProvider\Android\CmpJavaToUnityUtils.cs","ConsentManagementProvider.Android","CmpJavaToUnityUtils","26"
"Assets\Scripts\Assembly-CSharp\ConsentManagementProvider\Android\ConsentWrapperAndroid.cs","ConsentManagementProvider.Android","ConsentWrapperAndroid","83"
"Assets\Scripts\Assembly-CSharp\ConsentManagementProvider\Android\CustomConsentClient.cs","ConsentManagementProvider.Android","CustomConsentClient","26"
"Assets\Scripts\Assembly-CSharp\ConsentManagementProvider\Android\SpAndroidNativeUtils.cs","ConsentManagementProvider.Android","SpAndroidNativeUtils","20"
"Assets\Scripts\Assembly-CSharp\ConsentManagementProvider\Android\SpClientProxy.cs","ConsentManagementProvider.Android","SpClientProxy","54"
"Assets\Scripts\Assembly-CSharp\ConsentManagementProvider\Enum\CMPEnumMapper.cs","ConsentManagementProvider.Enum","CMPEnumMapper","71"
"Assets\Scripts\Assembly-CSharp\ConsentManagementProvider\EventHandlerInterface\IConsentEventHandler.cs","ConsentManagementProvider.EventHandlerInterface","IConsentEventHandler","9"
"Assets\Scripts\Assembly-CSharp\ConsentManagementProvider\EventHandlerInterface\IOnConsentMessageReady.cs","ConsentManagementProvider.EventHandlerInterface","IOnConsentMessageReady","9"
"Assets\Scripts\Assembly-CSharp\ConsentManagementProvider\iOS\CMPiOSListenerHelper.cs","ConsentManagementProvider.iOS","CMPiOSListenerHelper","78"
"Assets\Scripts\Assembly-CSharp\ConsentManagementProvider\iOS\ConsentWrapperIOS.cs","ConsentManagementProvider.iOS","ConsentWrapperIOS","65"
"Assets\Scripts\Assembly-CSharp\ConsentManagementProvider\Json\CcpaConsentWrapper.cs","ConsentManagementProvider.Json","CcpaConsentWrapper","30"
"Assets\Scripts\Assembly-CSharp\ConsentManagementProvider\Json\ConsentableWrapper.cs","ConsentManagementProvider.Json","ConsentableWrapper","13"
"Assets\Scripts\Assembly-CSharp\ConsentManagementProvider\Json\ConsentStatusWrapper.cs","ConsentManagementProvider.Json","ConsentStatusWrapper","33"
"Assets\Scripts\Assembly-CSharp\ConsentManagementProvider\Json\ConsentStringWrapper.cs","ConsentManagementProvider.Json","ConsentStringWrapper","15"
"Assets\Scripts\Assembly-CSharp\ConsentManagementProvider\Json\GCMDataWrapper.cs","ConsentManagementProvider.Json","GCMDataWrapper","17"
"Assets\Scripts\Assembly-CSharp\ConsentManagementProvider\Json\GdprConsentWrapper.cs","ConsentManagementProvider.Json","GdprConsentWrapper","24"
"Assets\Scripts\Assembly-CSharp\ConsentManagementProvider\Json\GranularStatusWrapper.cs","ConsentManagementProvider.Json","GranularStatusWrapper","29"
"Assets\Scripts\Assembly-CSharp\ConsentManagementProvider\Json\JsonUnwrapperAndroid.cs","ConsentManagementProvider.Json","JsonUnwrapperAndroid","31"
"Assets\Scripts\Assembly-CSharp\ConsentManagementProvider\Json\JsonUnwrapperHelper.cs","ConsentManagementProvider.Json","JsonUnwrapperHelper","44"
"Assets\Scripts\Assembly-CSharp\ConsentManagementProvider\Json\JsonUnwrapperIOS.cs","ConsentManagementProvider.Json","JsonUnwrapperIOS","46"
"Assets\Scripts\Assembly-CSharp\ConsentManagementProvider\Json\SpActionWrapper.cs","ConsentManagementProvider.Json","SpActionWrapper","13"
"Assets\Scripts\Assembly-CSharp\ConsentManagementProvider\Json\SpCcpaConsentWrapperAndroid.cs","ConsentManagementProvider.Json","SpCcpaConsentWrapperAndroid","13"
"Assets\Scripts\Assembly-CSharp\ConsentManagementProvider\Json\SpCcpaConsentWrapperIOS.cs","ConsentManagementProvider.Json","SpCcpaConsentWrapperIOS","11"
"Assets\Scripts\Assembly-CSharp\ConsentManagementProvider\Json\SpCcpaWrapperIOS.cs","ConsentManagementProvider.Json","SpCcpaWrapperIOS","13"
"Assets\Scripts\Assembly-CSharp\ConsentManagementProvider\Json\SpConsentsWrapperAndroid.cs","ConsentManagementProvider.Json","SpConsentsWrapperAndroid","15"
"Assets\Scripts\Assembly-CSharp\ConsentManagementProvider\Json\SpConsentsWrapperIOS.cs","ConsentManagementProvider.Json","SpConsentsWrapperIOS","15"
"Assets\Scripts\Assembly-CSharp\ConsentManagementProvider\Json\SpCustomConsentAndroid.cs","ConsentManagementProvider.Json","SpCustomConsentAndroid","8"
"Assets\Scripts\Assembly-CSharp\ConsentManagementProvider\Json\SpGdprConsentWrapperAndroid.cs","ConsentManagementProvider.Json","SpGdprConsentWrapperAndroid","16"
"Assets\Scripts\Assembly-CSharp\ConsentManagementProvider\Json\SpGdprConsentWrapperIOS.cs","ConsentManagementProvider.Json","SpGdprConsentWrapperIOS","13"
"Assets\Scripts\Assembly-CSharp\ConsentManagementProvider\Json\SpGdprWrapperIOS.cs","ConsentManagementProvider.Json","SpGdprWrapperIOS","13"
"Assets\Scripts\Assembly-CSharp\ConsentManagementProvider\Json\SpUsnatConsentWrapperAndroid.cs","ConsentManagementProvider.Json","SpUsnatConsentWrapperAndroid","17"
"Assets\Scripts\Assembly-CSharp\ConsentManagementProvider\Json\SpUsnatConsentWrapperIOS.cs","ConsentManagementProvider.Json","SpUsnatConsentWrapperIOS","23"
"Assets\Scripts\Assembly-CSharp\ConsentManagementProvider\Json\SpUsnatWrapperIOS.cs","ConsentManagementProvider.Json","SpUsnatWrapperIOS","13"
"Assets\Scripts\Assembly-CSharp\ConsentManagementProvider\Json\SpVendorGrantWrapper.cs","ConsentManagementProvider.Json","SpVendorGrantWrapper","14"
"Assets\Scripts\Assembly-CSharp\ConsentManagementProvider\Json\StatusWrapperAndroid.cs","ConsentManagementProvider.Json","StatusWrapperAndroid","25"
"Assets\Scripts\Assembly-CSharp\ConsentManagementProvider\Json\UserConsentsWrapper.cs","ConsentManagementProvider.Json","UserConsentsWrapper","14"
"Assets\Scripts\Assembly-CSharp\ConsentManagementProvider\Json\UsnatConsentWrapper.cs","ConsentManagementProvider.Json","UsnatConsentWrapper","16"
"Assets\Scripts\Assembly-CSharp\ConsentManagementProvider\Observer\BroadcastEventDispatcher.cs","ConsentManagementProvider.Observer","BroadcastEventDispatcher","21"
"Assets\Scripts\Assembly-CSharp\ConsentManagementProvider\Observer\BroadcastEventsExecutor.cs","ConsentManagementProvider.Observer","BroadcastEventsExecutor","16"
"Assets\Scripts\Assembly-CSharp\ConsentManagementProvider\Observer\BroadcastReceivers.cs","ConsentManagementProvider.Observer","BroadcastReceivers","26"
"Assets\Scripts\Assembly-CSharp\ConsentManagementProvider\UnityEditor\ConsentWrapperUnityEditor.cs","ConsentManagementProvider.UnityEditor","ConsentWrapperUnityEditor","51"
"Assets\Scripts\Assembly-CSharp\ConsentMessagePlugin\Android\CAMPAIGN_ENV_STRING_KEY.cs","ConsentMessagePlugin.Android","CAMPAIGN_ENV_STRING_KEY","10"
"Assets\Scripts\Assembly-CSharp\ConsentMessagePlugin\Android\CAMPAIGN_TYPE_ANDROID.cs","ConsentMessagePlugin.Android","CAMPAIGN_TYPE_ANDROID","9"
"Assets\Scripts\Assembly-CSharp\ConsentMessagePlugin\Android\CAMPAIGN_TYPE_STRING_KEY.cs","ConsentMessagePlugin.Android","CAMPAIGN_TYPE_STRING_KEY","10"
"Assets\Scripts\Assembly-CSharp\ConsentMessagePlugin\Android\CONFIG_OPTION_FULL_KEY.cs","ConsentMessagePlugin.Android","CONFIG_OPTION_FULL_KEY","10"
"Assets\Scripts\Assembly-CSharp\ConsentMessagePlugin\Android\MESSAGE_LANGUAGE_FULL_STRING_KEY.cs","ConsentMessagePlugin.Android","MESSAGE_LANGUAGE_FULL_STRING_KEY","82"
"Assets\Scripts\Assembly-CSharp\ConsentMessagePlugin\Android\MESSAGE_LANGUAGE_STRING_KEY.cs","ConsentMessagePlugin.Android","MESSAGE_LANGUAGE_STRING_KEY","82"
"Assets\Scripts\Assembly-CSharp\ConsentMessagePlugin\Android\PRIVACY_MANAGER_TAB_STRING_KEY.cs","ConsentMessagePlugin.Android","PRIVACY_MANAGER_TAB_STRING_KEY","14"
"Assets\Scripts\Assembly-CSharp\ConsentMessagePlugin\Android\PRIVACY_MANAGER_TAB_STRING.cs","ConsentMessagePlugin.Android","PRIVACY_MANAGER_TAB_STRING","14"
"Assets\Scripts\Assembly-CSharp\DissolveExample\DissolveChilds.cs","DissolveExample","DissolveChilds","29"
"Assets\Scripts\Assembly-CSharp\DissolveExample\DissolveOffest.cs","DissolveExample","DissolveOffest","29"
"Assets\Scripts\Assembly-CSharp\DissolveExample\Follow.cs","DissolveExample","Follow","23"
"Assets\Scripts\Assembly-CSharp\DissolveExample\Rotator.cs","DissolveExample","Rotator","14"
"Assets\Scripts\Assembly-CSharp\DissolveExample\RotatorDissolveDir.cs","DissolveExample","RotatorDissolveDir","21"
"Assets\Scripts\Assembly-CSharp\EpicToonFX\ETFXButtonScript.cs","EpicToonFX","ETFXButtonScript","46"
"Assets\Scripts\Assembly-CSharp\EpicToonFX\ETFXFireProjectile.cs","EpicToonFX","ETFXFireProjectile","43"
"Assets\Scripts\Assembly-CSharp\EpicToonFX\ETFXLightFade.cs","EpicToonFX","ETFXLightFade","25"
"Assets\Scripts\Assembly-CSharp\EpicToonFX\ETFXLoopScript.cs","EpicToonFX","ETFXLoopScript;_003CEffectLoop_003Ed__6;implementation","92"
"Assets\Scripts\Assembly-CSharp\EpicToonFX\ETFXMouseOrbit.cs","EpicToonFX","ETFXMouseOrbit","47"
"Assets\Scripts\Assembly-CSharp\EpicToonFX\ETFXPitchRandomizer.cs","EpicToonFX","ETFXPitchRandomizer","14"
"Assets\Scripts\Assembly-CSharp\EpicToonFX\ETFXRotation.cs","EpicToonFX","ETFXRotation;spaceEnum","27"
"Assets\Scripts\Assembly-CSharp\EpicToonFX\ETFXTarget.cs","EpicToonFX","ETFXTarget;_003CRespawn_003Ed__7;implementation","95"
"Assets\Scripts\Assembly-CSharp\LayerLab\CasualGame\PanelCasualGame.cs","LayerLab.CasualGame","PanelCasualGame","19"
"Assets\Scripts\Assembly-CSharp\LayerLab\CasualGame\PanelControlCasualGame.cs","LayerLab.CasualGame","PanelControlCasualGame","53"
"Assets\Scripts\Assembly-CSharp\LayerLab\SuperCasual\PanelControlSuperCasual.cs","LayerLab.SuperCasual","PanelControlSuperCasual","53"
"Assets\Scripts\Assembly-CSharp\LayerLab\SuperCasual\PanelSuperCasual.cs","LayerLab.SuperCasual","PanelSuperCasual","19"
"Assets\Scripts\Assembly-CSharp\PaperPlaneTools\Alert.cs","PaperPlaneTools","Alert;ButtonType","89"
"Assets\Scripts\Assembly-CSharp\PaperPlaneTools\AlertAndroid.cs","PaperPlaneTools","AlertAndroid;ButtonType","66"
"Assets\Scripts\Assembly-CSharp\PaperPlaneTools\AlertAndroidAdapter.cs","PaperPlaneTools","AlertAndroidAdapter","35"
"Assets\Scripts\Assembly-CSharp\PaperPlaneTools\AlertAndroidOptions.cs","PaperPlaneTools","AlertAndroidOptions","10"
"Assets\Scripts\Assembly-CSharp\PaperPlaneTools\AlertButton.cs","PaperPlaneTools","AlertButton","16"
"Assets\Scripts\Assembly-CSharp\PaperPlaneTools\AlertIOSButton.cs","PaperPlaneTools","AlertIOSButton;Type","27"
"Assets\Scripts\Assembly-CSharp\PaperPlaneTools\AlertIOSOptions.cs","PaperPlaneTools","AlertIOSOptions","26"
"Assets\Scripts\Assembly-CSharp\PaperPlaneTools\AlertManager.cs","PaperPlaneTools","AlertManager","50"
"Assets\Scripts\Assembly-CSharp\PaperPlaneTools\AlertMonoBehaviour.cs","PaperPlaneTools","AlertMonoBehaviour","32"
"Assets\Scripts\Assembly-CSharp\PaperPlaneTools\AlertUnityUIAdapter.cs","PaperPlaneTools","AlertUnityUIAdapter","50"
"Assets\Scripts\Assembly-CSharp\PaperPlaneTools\IAlertPlatformAdapter.cs","PaperPlaneTools","IAlertPlatformAdapter","16"
"Assets\Scripts\Assembly-CSharp\PaperPlaneTools\RateBox.cs","PaperPlaneTools","RateBox","86"
"Assets\Scripts\Assembly-CSharp\PaperPlaneTools\RateBoxConditions.cs","PaperPlaneTools","RateBoxConditions","18"
"Assets\Scripts\Assembly-CSharp\PaperPlaneTools\RateBoxPrefabScript.cs","PaperPlaneTools","RateBoxPrefabScript","70"
"Assets\Scripts\Assembly-CSharp\PaperPlaneTools\RateBoxSettings.cs","PaperPlaneTools","RateBoxSettings","8"
"Assets\Scripts\Assembly-CSharp\PaperPlaneTools\RateBoxStatistics.cs","PaperPlaneTools","RateBoxStatistics","122"
"Assets\Scripts\Assembly-CSharp\PaperPlaneTools\RateBoxTextSettings.cs","PaperPlaneTools","RateBoxTextSettings","16"
"Assets\Scripts\Assembly-CSharp\PaperPlaneTools\Scaler.cs","PaperPlaneTools","Scaler","17"
"Assets\Scripts\Assembly-CSharp\Properties\AssemblyInfo.cs","","","7"
"Assets\Scripts\Assembly-CSharp\TinyJson\JSONParser.cs","TinyJson","JSONParser","58"
"Assets\Scripts\Assembly-CSharp\UnityEngine\Purchasing\Security\GooglePlayTangle.cs","UnityEngine.Purchasing.Security","GooglePlayTangle","19"
"Assets\Scripts\Assembly-CSharp\UnityEngine\UI\Extensions\CasualGame\UIParticleSystem.cs","UnityEngine.UI.Extensions.CasualGame","UIParticleSystem","80"
"Assets\Scripts\Assembly-CSharp\Voodoo\ADN\AdnSdk.cs","Voodoo.ADN","AdnSdk","59"
"Assets\Scripts\Assembly-CSharp\Voodoo\ADN\Internal\AdnAdData.cs","Voodoo.ADN.Internal","AdnAdData","39"
"Assets\Scripts\Assembly-CSharp\Voodoo\ADN\Internal\AdnAdsAmount.cs","Voodoo.ADN.Internal","AdnAdsAmount","17"
"Assets\Scripts\Assembly-CSharp\Voodoo\ADN\Internal\AdnAdsClick.cs","Voodoo.ADN.Internal","AdnAdsClick","17"
"Assets\Scripts\Assembly-CSharp\Voodoo\ADN\Internal\AdnAdsCount.cs","Voodoo.ADN.Internal","AdnAdsCount","10"
"Assets\Scripts\Assembly-CSharp\Voodoo\ADN\Internal\AdnAdsIndex.cs","Voodoo.ADN.Internal","AdnAdsIndex","10"
"Assets\Scripts\Assembly-CSharp\Voodoo\ADN\Internal\AdnAttributionData.cs","Voodoo.ADN.Internal","AdnAttributionData","23"
"Assets\Scripts\Assembly-CSharp\Voodoo\ADN\Internal\AdnGameCount.cs","Voodoo.ADN.Internal","AdnGameCount","10"
"Assets\Scripts\Assembly-CSharp\Voodoo\ADN\Internal\AdnImpressionIds.cs","Voodoo.ADN.Internal","AdnImpressionIds","12"
"Assets\Scripts\Assembly-CSharp\Voodoo\ADN\Internal\AdnPerfMetrics.cs","Voodoo.ADN.Internal","AdnPerfMetrics","17"
"Assets\Scripts\Assembly-CSharp\Voodoo\ADN\Internal\AdnPreferences.cs","Voodoo.ADN.Internal","AdnPreferences","41"
"Assets\Scripts\Assembly-CSharp\Voodoo\ADN\Internal\AdnSdkAndroid.cs","Voodoo.ADN.Internal","AdnSdkAndroid","51"
"Assets\Scripts\Assembly-CSharp\Voodoo\ADN\Internal\AdnSdkBase.cs","Voodoo.ADN.Internal","AdnSdkBase","18"
"Assets\Scripts\Assembly-CSharp\Voodoo\ADN\Internal\AdnTokenAdsInfo.cs","Voodoo.ADN.Internal","AdnTokenAdsInfo","181"
"Assets\Scripts\Assembly-CSharp\Voodoo\ADN\Internal\AdnTokenAppInfo.cs","Voodoo.ADN.Internal","AdnTokenAppInfo","85"
"Assets\Scripts\Assembly-CSharp\Voodoo\ADN\Internal\AdnTokenConstants.cs","Voodoo.ADN.Internal","AdnTokenConstants","136"
"Assets\Scripts\Assembly-CSharp\Voodoo\ADN\Internal\AdnTokenGenerator.cs","Voodoo.ADN.Internal","AdnTokenGenerator","98"
"Assets\Scripts\Assembly-CSharp\Voodoo\ADN\Internal\AdnTokenHelper.cs","Voodoo.ADN.Internal","AdnTokenHelper","66"
"Assets\Scripts\Assembly-CSharp\Voodoo\ADN\Internal\IAdnSdk.cs","Voodoo.ADN.Internal","IAdnSdk","24"
"Assets\Scripts\Assembly-CSharp\Voodoo\Analytics\AnalyticsApi.cs","Voodoo.Analytics","AnalyticsApi;_003CSendEvents_003Ed__13;implementation;implementation","79"
"Assets\Scripts\Assembly-CSharp\Voodoo\Analytics\AnalyticsConstant.cs","Voodoo.Analytics","AnalyticsConstant","94"
"Assets\Scripts\Assembly-CSharp\Voodoo\Analytics\AnalyticsLog.cs","Voodoo.Analytics","AnalyticsLog;AnalyticsLogLevel","55"
"Assets\Scripts\Assembly-CSharp\Voodoo\Analytics\AnalyticsTextFileLogger.cs","Voodoo.Analytics","AnalyticsTextFileLogger;_003CLogToText_003Ed__21;implementation;implementation","117"
"Assets\Scripts\Assembly-CSharp\Voodoo\Analytics\AnalyticsUtil.cs","Voodoo.Analytics","AnalyticsUtil","32"
"Assets\Scripts\Assembly-CSharp\Voodoo\Analytics\EventSpecificContext.cs","Voodoo.Analytics","EventSpecificContext","39"
"Assets\Scripts\Assembly-CSharp\Voodoo\Analytics\GlobalContext.cs","Voodoo.Analytics","GlobalContext;CachedKeys","82"
"Assets\Scripts\Assembly-CSharp\Voodoo\Analytics\IConfig.cs","Voodoo.Analytics","IConfig","18"
"Assets\Scripts\Assembly-CSharp\Voodoo\Analytics\IVanCustomLog.cs","Voodoo.Analytics","IVanCustomLog","12"
"Assets\Scripts\Assembly-CSharp\Voodoo\Analytics\Tracker.cs","Voodoo.Analytics","Tracker;_003CSaveEvent_003Ed__24;implementation;implementation;_003CTrackEvent_003Ed__22;implementation;implementation","156"
"Assets\Scripts\Assembly-CSharp\Voodoo\Analytics\VanEvent.cs","Voodoo.Analytics","VanEvent;TrackingIdParameters","84"
"Assets\Scripts\Assembly-CSharp\Voodoo\Analytics\VanEventBasicParameters.cs","Voodoo.Analytics","VanEventBasicParameters","105"
"Assets\Scripts\Assembly-CSharp\Voodoo\Analytics\VanEventName.cs","Voodoo.Analytics","VanEventName","76"
"Assets\Scripts\Assembly-CSharp\Voodoo\Analytics\VanSessionInfo.cs","Voodoo.Analytics","VanSessionInfo","12"
"Assets\Scripts\Assembly-CSharp\Voodoo\Analytics\VoodooAnalyticsManager.cs","Voodoo.Analytics","VoodooAnalyticsManager;QueuedEvent","105"
"Assets\Scripts\Assembly-CSharp\Voodoo\Analytics\VoodooWebProxy.cs","Voodoo.Analytics","VoodooWebProxy","48"
"Assets\Scripts\Assembly-CSharp\Voodoo\Sauce\Ads\AppOpenRewardedInterstitial.cs","Voodoo.Sauce.Ads","AppOpenRewardedInterstitial","19"
"Assets\Scripts\Assembly-CSharp\Voodoo\Sauce\Ads\AppOpenRewardedInterstitialCanvas.cs","Voodoo.Sauce.Ads","AppOpenRewardedInterstitialCanvas;_003CCountdownCoroutine_003Ed__13;implementation;_003CEndCardCoroutine_003Ed__12;implementation","180"
"Assets\Scripts\Assembly-CSharp\Voodoo\Sauce\Ads\AppOpenRewardedInterstitialWrapper.cs","Voodoo.Sauce.Ads","AppOpenRewardedInterstitialWrapper","88"
"Assets\Scripts\Assembly-CSharp\Voodoo\Sauce\Ads\InterstitialCurrencyType.cs","Voodoo.Sauce.Ads","InterstitialCurrencyType","9"
"Assets\Scripts\Assembly-CSharp\Voodoo\Sauce\Ads\InterstitialRewardType.cs","Voodoo.Sauce.Ads","InterstitialRewardType","9"
"Assets\Scripts\Assembly-CSharp\Voodoo\Sauce\Ads\MrecAdBehaviour.cs","Voodoo.Sauce.Ads","MrecAdBehaviour","114"
"Assets\Scripts\Assembly-CSharp\Voodoo\Sauce\Ads\NativeAdLayout.cs","Voodoo.Sauce.Ads","NativeAdLayout","9"
"Assets\Scripts\Assembly-CSharp\Voodoo\Sauce\Ads\NativeAdLayoutExtension.cs","Voodoo.Sauce.Ads","NativeAdLayoutExtension","16"
"Assets\Scripts\Assembly-CSharp\Voodoo\Sauce\Ads\NativeAdsBehaviour.cs","Voodoo.Sauce.Ads","NativeAdsBehaviour","59"
"Assets\Scripts\Assembly-CSharp\Voodoo\Sauce\Ads\RewardedInterstitial.cs","Voodoo.Sauce.Ads","RewardedInterstitial","35"
"Assets\Scripts\Assembly-CSharp\Voodoo\Sauce\Ads\RewardedInterstitialDebugger.cs","Voodoo.Sauce.Ads","RewardedInterstitialDebugger","69"
"Assets\Scripts\Assembly-CSharp\Voodoo\Sauce\Ads\RewardPopUpType.cs","Voodoo.Sauce.Ads","RewardPopUpType","9"
"Assets\Scripts\Assembly-CSharp\Voodoo\Sauce\Ads\TwoAdsInARow.cs","Voodoo.Sauce.Ads","TwoAdsInARow","19"
"Assets\Scripts\Assembly-CSharp\Voodoo\Sauce\Ads\AdDataPassing\AdDataPassingWrapper.cs","Voodoo.Sauce.Ads.AdDataPassing","AdDataPassingWrapper","90"
"Assets\Scripts\Assembly-CSharp\Voodoo\Sauce\Ads\AdDataPassing\AdDataType.cs","Voodoo.Sauce.Ads.AdDataPassing","AdDataType","10"
"Assets\Scripts\Assembly-CSharp\Voodoo\Sauce\Ads\AdDataPassing\GAMAdDataPassingNetwork.cs","Voodoo.Sauce.Ads.AdDataPassing","GAMAdDataPassingNetwork;GAMGenderType","41"
"Assets\Scripts\Assembly-CSharp\Voodoo\Sauce\Ads\AdDataPassing\GenderType.cs","Voodoo.Sauce.Ads.AdDataPassing","GenderType","11"
"Assets\Scripts\Assembly-CSharp\Voodoo\Sauce\Ads\AdDataPassing\IAdDataPassingNetwork.cs","Voodoo.Sauce.Ads.AdDataPassing","IAdDataPassingNetwork","12"
"Assets\Scripts\Assembly-CSharp\Voodoo\Sauce\Ads\AdDataPassing\MaxAdsAdDataPassingNetwork.cs","Voodoo.Sauce.Ads.AdDataPassing","MaxAdsAdDataPassingNetwork","18"
"Assets\Scripts\Assembly-CSharp\Voodoo\Sauce\Ads\AudioAds\AudioMobClickListener.cs","Voodoo.Sauce.Ads.AudioAds","AudioMobClickListener","44"
"Assets\Scripts\Assembly-CSharp\Voodoo\Sauce\Ads\Internal\AppHarbrConfig.cs","Voodoo.Sauce.Ads.Internal","AppHarbrConfig","15"
"Assets\Scripts\Assembly-CSharp\Voodoo\Sauce\Ads\Internal\AppHarbrMaxWrapper.cs","Voodoo.Sauce.Ads.Internal","AppHarbrMaxWrapper","20"
"Assets\Scripts\Assembly-CSharp\Voodoo\Sauce\Ads\Internal\AppHarbrSettings.cs","Voodoo.Sauce.Ads.Internal","AppHarbrSettings","23"
"Assets\Scripts\Assembly-CSharp\Voodoo\Sauce\Ads\Internal\AppHarbrWrapper.cs","Voodoo.Sauce.Ads.Internal","AppHarbrWrapper;AppHarbrStatus","70"
"Assets\Scripts\Assembly-CSharp\Voodoo\Sauce\Ads\Internal\GenderSelectionType.cs","Voodoo.Sauce.Ads.Internal","GenderSelectionType","12"
"Assets\Scripts\Assembly-CSharp\Voodoo\Sauce\Ads\Internal\Keywords.cs","Voodoo.Sauce.Ads.Internal","Keywords","15"
"Assets\Scripts\Assembly-CSharp\Voodoo\Sauce\Analytics\VoodooAnalyticsEditorEvents.cs","Voodoo.Sauce.Analytics","VoodooAnalyticsEditorEvents","47"
"Assets\Scripts\Assembly-CSharp\Voodoo\Sauce\Analytics\Common\Internal\IAudioAdsSDK.cs","Voodoo.Sauce.Analytics.Common.Internal","IAudioAdsSDK","9"
"Assets\Scripts\Assembly-CSharp\Voodoo\Sauce\Analytics\FirebaseAnalytics\Internal\Config\FirebaseMessagingConfig.cs","Voodoo.Sauce.Analytics.FirebaseAnalytics.Internal.Config","FirebaseMessagingConfig","11"
"Assets\Scripts\Assembly-CSharp\Voodoo\Sauce\Common\Font\Network\AbstractWebRequestHandler.cs","Voodoo.Sauce.Common.Font.Network","AbstractWebRequestHandler","25"
"Assets\Scripts\Assembly-CSharp\Voodoo\Sauce\Common\Font\Network\AsyncOperationExtension.cs","Voodoo.Sauce.Common.Font.Network","AsyncOperationExtension","14"
"Assets\Scripts\Assembly-CSharp\Voodoo\Sauce\Common\Font\Network\Header.cs","Voodoo.Sauce.Common.Font.Network","Header","18"
"Assets\Scripts\Assembly-CSharp\Voodoo\Sauce\Common\Font\Network\IWebRequestHandler.cs","Voodoo.Sauce.Common.Font.Network","IWebRequestHandler","12"
"Assets\Scripts\Assembly-CSharp\Voodoo\Sauce\Common\Font\Network\WebRequest.cs","Voodoo.Sauce.Common.Font.Network","WebRequest;_003CGetAsync_003Ed__8;implementation;implementation;_003CPostAsync_003Ed__12;implementation;implementation;_003CPutAsync_003Ed__10;implementation;implementation;_003CSendAndCacheAsync_003Ed__14;implementation;implementation","236"
"Assets\Scripts\Assembly-CSharp\Voodoo\Sauce\Common\Font\Network\WebRequestHandler.cs","Voodoo.Sauce.Common.Font.Network","WebRequestHandler","14"
"Assets\Scripts\Assembly-CSharp\Voodoo\Sauce\Common\Utils\ConvertUtils.cs","Voodoo.Sauce.Common.Utils","ConvertUtils","11"
"Assets\Scripts\Assembly-CSharp\Voodoo\Sauce\Common\Utils\EnumMask.cs","Voodoo.Sauce.Common.Utils","EnumMask","27"
"Assets\Scripts\Assembly-CSharp\Voodoo\Sauce\Common\Utils\HandledAction.cs","Voodoo.Sauce.Common.Utils","HandledAction","33"
"Assets\Scripts\Assembly-CSharp\Voodoo\Sauce\Common\Utils\LandscapePadding.cs","Voodoo.Sauce.Common.Utils","LandscapePadding;_003CCheckOrientation_003Ed__9;implementation","112"
"Assets\Scripts\Assembly-CSharp\Voodoo\Sauce\Common\Utils\LandscapePaddingData.cs","Voodoo.Sauce.Common.Utils","LandscapePaddingData","10"
"Assets\Scripts\Assembly-CSharp\Voodoo\Sauce\Common\Utils\NewManifestUtilsImpl.cs","Voodoo.Sauce.Common.Utils","NewManifestUtilsImpl;TransverseDataHolder","132"
"Assets\Scripts\Assembly-CSharp\Voodoo\Sauce\Common\Utils\PlatformUtils.cs","Voodoo.Sauce.Common.Utils","PlatformUtils","16"
"Assets\Scripts\Assembly-CSharp\Voodoo\Sauce\Common\Utils\UnityIosDevice.cs","Voodoo.Sauce.Common.Utils","UnityIosDevice","14"
"Assets\Scripts\Assembly-CSharp\Voodoo\Sauce\Common\Utils\VoodooSauceAndroidBuildTargetEnum.cs","Voodoo.Sauce.Common.Utils","VoodooSauceAndroidBuildTargetEnum","8"
"Assets\Scripts\Assembly-CSharp\Voodoo\Sauce\Common\Utils\Data\ScreenUtilsConfig\IosDeviceDpiMapping.cs","Voodoo.Sauce.Common.Utils.Data.ScreenUtilsConfig","IosDeviceDpiMapping","11"
"Assets\Scripts\Assembly-CSharp\Voodoo\Sauce\Common\Utils\Data\ScreenUtilsConfig\VoodooScreenUtilsConfig.cs","Voodoo.Sauce.Common.Utils.Data.ScreenUtilsConfig","VoodooScreenUtilsConfig","21"
"Assets\Scripts\Assembly-CSharp\Voodoo\Sauce\Core\EnvironmentSettings.cs","Voodoo.Sauce.Core","EnvironmentSettings;Server","54"
"Assets\Scripts\Assembly-CSharp\Voodoo\Sauce\Core\IAudioAdsManager.cs","Voodoo.Sauce.Core","IAudioAdsManager","38"
"Assets\Scripts\Assembly-CSharp\Voodoo\Sauce\Core\IModule.cs","Voodoo.Sauce.Core","IModule","11"
"Assets\Scripts\Assembly-CSharp\Voodoo\Sauce\Core\IRequest.cs","Voodoo.Sauce.Core","IRequest","19"
"Assets\Scripts\Assembly-CSharp\Voodoo\Sauce\Core\IVoodooSettings.cs","Voodoo.Sauce.Core","IVoodooSettings","14"
"Assets\Scripts\Assembly-CSharp\Voodoo\Sauce\Core\Request.cs","Voodoo.Sauce.Core","Request;_003CdoRequest_003Ed__5;implementation","104"
"Assets\Scripts\Assembly-CSharp\Voodoo\Sauce\Core\VoodooSauceBehaviour.cs","Voodoo.Sauce.Core","VoodooSauceBehaviour;_003CAwake_003Ed__31;implementation;implementation;_003CCheckInternetAvailability_003Ed__54;implementation;_003CInvokeAfterCoroutine_003Ed__60;implementation","404"
"Assets\Scripts\Assembly-CSharp\Voodoo\Sauce\Core\VoodooSauceCore.cs","Voodoo.Sauce.Core","VoodooSauceCore","79"
"Assets\Scripts\Assembly-CSharp\Voodoo\Sauce\Core\VoodooSauceInitCallbackResult.cs","Voodoo.Sauce.Core","VoodooSauceInitCallbackResult","21"
"Assets\Scripts\Assembly-CSharp\Voodoo\Sauce\Core\VoodooSettings.cs","Voodoo.Sauce.Core","VoodooSettings;Position","453"
"Assets\Scripts\Assembly-CSharp\Voodoo\Sauce\Core\Model\EditorIdfa.cs","Voodoo.Sauce.Core.Model","EditorIdfa","15"
"Assets\Scripts\Assembly-CSharp\Voodoo\Sauce\Core\Model\SourcepointConfiguration.cs","Voodoo.Sauce.Core.Model","SourcepointConfiguration","19"
"Assets\Scripts\Assembly-CSharp\Voodoo\Sauce\CrashReport\AdEventParams.cs","Voodoo.Sauce.CrashReport","AdEventParams;AdEventName","70"
"Assets\Scripts\Assembly-CSharp\Voodoo\Sauce\CrashReport\CrashReportConstants.cs","Voodoo.Sauce.CrashReport","CrashReportConstants","38"
"Assets\Scripts\Assembly-CSharp\Voodoo\Sauce\CrashReport\CrashReportCore.cs","Voodoo.Sauce.CrashReport","CrashReportCore;CrashReporter;CrashReportManagerParameters","81"
"Assets\Scripts\Assembly-CSharp\Voodoo\Sauce\CrashReport\CrashReporterProviderBucket.cs","Voodoo.Sauce.CrashReport","CrashReporterProviderBucket","16"
"Assets\Scripts\Assembly-CSharp\Voodoo\Sauce\CrashReport\CrashReportManager.cs","Voodoo.Sauce.CrashReport","CrashReportManager","83"
"Assets\Scripts\Assembly-CSharp\Voodoo\Sauce\CrashReport\ICrashlyticsProvider.cs","Voodoo.Sauce.CrashReport","ICrashlyticsProvider","33"
"Assets\Scripts\Assembly-CSharp\Voodoo\Sauce\Debugger\AdsDebugScreen.cs","Voodoo.Sauce.Debugger","AdsDebugScreen;_003CRefreshPeriodically_003Ed__16;implementation","202"
"Assets\Scripts\Assembly-CSharp\Voodoo\Sauce\Debugger\AnalyticsProviderDebugScreen.cs","Voodoo.Sauce.Debugger","AnalyticsProviderDebugScreen","60"
"Assets\Scripts\Assembly-CSharp\Voodoo\Sauce\Debugger\Badge.cs","Voodoo.Sauce.Debugger","Badge","27"
"Assets\Scripts\Assembly-CSharp\Voodoo\Sauce\Debugger\BadgeCounter.cs","Voodoo.Sauce.Debugger","BadgeCounter","14"
"Assets\Scripts\Assembly-CSharp\Voodoo\Sauce\Debugger\BoolEvent.cs","Voodoo.Sauce.Debugger","BoolEvent","11"
"Assets\Scripts\Assembly-CSharp\Voodoo\Sauce\Debugger\CohortButton.cs","Voodoo.Sauce.Debugger","CohortButton","25"
"Assets\Scripts\Assembly-CSharp\Voodoo\Sauce\Debugger\CrashReporterDebugScreen.cs","Voodoo.Sauce.Debugger","CrashReporterDebugScreen","36"
"Assets\Scripts\Assembly-CSharp\Voodoo\Sauce\Debugger\CustomDebugger.cs","Voodoo.Sauce.Debugger","CustomDebugger","14"
"Assets\Scripts\Assembly-CSharp\Voodoo\Sauce\Debugger\CustomDebuggerScreen.cs","Voodoo.Sauce.Debugger","CustomDebuggerScreen","24"
"Assets\Scripts\Assembly-CSharp\Voodoo\Sauce\Debugger\DebugButtonWithInputField.cs","Voodoo.Sauce.Debugger","DebugButtonWithInputField","103"
"Assets\Scripts\Assembly-CSharp\Voodoo\Sauce\Debugger\DebugCheckboxButton.cs","Voodoo.Sauce.Debugger","DebugCheckboxButton","58"
"Assets\Scripts\Assembly-CSharp\Voodoo\Sauce\Debugger\Debugger.cs","Voodoo.Sauce.Debugger","Debugger","57"
"Assets\Scripts\Assembly-CSharp\Voodoo\Sauce\Debugger\DebuggerCanvas.cs","Voodoo.Sauce.Debugger","DebuggerCanvas","76"
"Assets\Scripts\Assembly-CSharp\Voodoo\Sauce\Debugger\DebuggerCanvasData.cs","Voodoo.Sauce.Debugger","DebuggerCanvasData","10"
"Assets\Scripts\Assembly-CSharp\Voodoo\Sauce\Debugger\DebuggerConstants.cs","Voodoo.Sauce.Debugger","DebuggerConstants","12"
"Assets\Scripts\Assembly-CSharp\Voodoo\Sauce\Debugger\DebuggerHeader.cs","Voodoo.Sauce.Debugger","DebuggerHeader","30"
"Assets\Scripts\Assembly-CSharp\Voodoo\Sauce\Debugger\DebuggerPopupConfig.cs","Voodoo.Sauce.Debugger","DebuggerPopupConfig","32"
"Assets\Scripts\Assembly-CSharp\Voodoo\Sauce\Debugger\DebuggerPopupScreen.cs","Voodoo.Sauce.Debugger","DebuggerPopupScreen","65"
"Assets\Scripts\Assembly-CSharp\Voodoo\Sauce\Debugger\DebugHideableSection.cs","Voodoo.Sauce.Debugger","DebugHideableSection","66"
"Assets\Scripts\Assembly-CSharp\Voodoo\Sauce\Debugger\DebugMenuItemButton.cs","Voodoo.Sauce.Debugger","DebugMenuItemButton","67"
"Assets\Scripts\Assembly-CSharp\Voodoo\Sauce\Debugger\DebugRadioButton.cs","Voodoo.Sauce.Debugger","DebugRadioButton","68"
"Assets\Scripts\Assembly-CSharp\Voodoo\Sauce\Debugger\DebugRadioGroup.cs","Voodoo.Sauce.Debugger","DebugRadioGroup","26"
"Assets\Scripts\Assembly-CSharp\Voodoo\Sauce\Debugger\DebugToggleButton.cs","Voodoo.Sauce.Debugger","DebugToggleButton","65"
"Assets\Scripts\Assembly-CSharp\Voodoo\Sauce\Debugger\EnvironmentDebugScreen.cs","Voodoo.Sauce.Debugger","EnvironmentDebugScreen;_003CFetchAndSaveNewVersion_003Ed__27;implementation;implementation;_003CVoodooTuneSwitchVersion_003Ed__26;implementation;implementation","204"
"Assets\Scripts\Assembly-CSharp\Voodoo\Sauce\Debugger\EventConsoleDebugScreen.cs","Voodoo.Sauce.Debugger","EventConsoleDebugScreen","7"
"Assets\Scripts\Assembly-CSharp\Voodoo\Sauce\Debugger\EventConsoleErrorScreen.cs","Voodoo.Sauce.Debugger","EventConsoleErrorScreen","21"
"Assets\Scripts\Assembly-CSharp\Voodoo\Sauce\Debugger\EventConsoleFiltersScreen.cs","Voodoo.Sauce.Debugger","EventConsoleFiltersScreen","71"
"Assets\Scripts\Assembly-CSharp\Voodoo\Sauce\Debugger\EventConsoleInformationScreen.cs","Voodoo.Sauce.Debugger","EventConsoleInformationScreen","95"
"Assets\Scripts\Assembly-CSharp\Voodoo\Sauce\Debugger\EventConsoleItem.cs","Voodoo.Sauce.Debugger","EventConsoleItem","37"
"Assets\Scripts\Assembly-CSharp\Voodoo\Sauce\Debugger\EventConsoleListScreen.cs","Voodoo.Sauce.Debugger","EventConsoleListScreen;_003CRefreshOnEnable_003Ed__22;implementation","209"
"Assets\Scripts\Assembly-CSharp\Voodoo\Sauce\Debugger\EventConsoleSessionItem.cs","Voodoo.Sauce.Debugger","EventConsoleSessionItem","37"
"Assets\Scripts\Assembly-CSharp\Voodoo\Sauce\Debugger\EventInformationLineItem.cs","Voodoo.Sauce.Debugger","EventInformationLineItem","31"
"Assets\Scripts\Assembly-CSharp\Voodoo\Sauce\Debugger\EventInformationList.cs","Voodoo.Sauce.Debugger","EventInformationList","21"
"Assets\Scripts\Assembly-CSharp\Voodoo\Sauce\Debugger\GeneralInfoDebugScreen.cs","Voodoo.Sauce.Debugger","GeneralInfoDebugScreen","33"
"Assets\Scripts\Assembly-CSharp\Voodoo\Sauce\Debugger\HomeDebugScreen.cs","Voodoo.Sauce.Debugger","HomeDebugScreen","22"
"Assets\Scripts\Assembly-CSharp\Voodoo\Sauce\Debugger\IAPDebugScreen.cs","Voodoo.Sauce.Debugger","IAPDebugScreen","82"
"Assets\Scripts\Assembly-CSharp\Voodoo\Sauce\Debugger\IAPProductWidget.cs","Voodoo.Sauce.Debugger","IAPProductWidget","52"
"Assets\Scripts\Assembly-CSharp\Voodoo\Sauce\Debugger\IConditionalScreen.cs","Voodoo.Sauce.Debugger","IConditionalScreen","8"
"Assets\Scripts\Assembly-CSharp\Voodoo\Sauce\Debugger\IdSectionDebugger.cs","Voodoo.Sauce.Debugger","IdSectionDebugger","30"
"Assets\Scripts\Assembly-CSharp\Voodoo\Sauce\Debugger\IssuesCounter.cs","Voodoo.Sauce.Debugger","IssuesCounter","29"
"Assets\Scripts\Assembly-CSharp\Voodoo\Sauce\Debugger\LogConsoleDebugScreen.cs","Voodoo.Sauce.Debugger","LogConsoleDebugScreen;LogTypeFields","157"
"Assets\Scripts\Assembly-CSharp\Voodoo\Sauce\Debugger\LogMessage.cs","Voodoo.Sauce.Debugger","LogMessage","24"
"Assets\Scripts\Assembly-CSharp\Voodoo\Sauce\Debugger\LogsOptionDebugScreen.cs","Voodoo.Sauce.Debugger","LogsOptionDebugScreen","73"
"Assets\Scripts\Assembly-CSharp\Voodoo\Sauce\Debugger\LogsTracker.cs","Voodoo.Sauce.Debugger","LogsTracker","50"
"Assets\Scripts\Assembly-CSharp\Voodoo\Sauce\Debugger\OptionsDebugScreen.cs","Voodoo.Sauce.Debugger","OptionsDebugScreen","43"
"Assets\Scripts\Assembly-CSharp\Voodoo\Sauce\Debugger\PrivacyDebugScreen.cs","Voodoo.Sauce.Debugger","PrivacyDebugScreen","10"
"Assets\Scripts\Assembly-CSharp\Voodoo\Sauce\Debugger\Screen.cs","Voodoo.Sauce.Debugger","Screen","204"
"Assets\Scripts\Assembly-CSharp\Voodoo\Sauce\Debugger\SDKListDebugScreen.cs","Voodoo.Sauce.Debugger","SDKListDebugScreen","33"
"Assets\Scripts\Assembly-CSharp\Voodoo\Sauce\Debugger\VoodooLogDebugScreen.cs","Voodoo.Sauce.Debugger","VoodooLogDebugScreen","7"
"Assets\Scripts\Assembly-CSharp\Voodoo\Sauce\Debugger\VoodooSettingsDebugScreen.cs","Voodoo.Sauce.Debugger","VoodooSettingsDebugScreen","18"
"Assets\Scripts\Assembly-CSharp\Voodoo\Sauce\Debugger\VoodooTuneAbTestsDebugScreen.cs","Voodoo.Sauce.Debugger","VoodooTuneAbTestsDebugScreen","43"
"Assets\Scripts\Assembly-CSharp\Voodoo\Sauce\Debugger\VoodooTuneConfigurationDetailsScreen.cs","Voodoo.Sauce.Debugger","VoodooTuneConfigurationDetailsScreen","46"
"Assets\Scripts\Assembly-CSharp\Voodoo\Sauce\Debugger\VoodooTuneConfigurationHeader.cs","Voodoo.Sauce.Debugger","VoodooTuneConfigurationHeader","78"
"Assets\Scripts\Assembly-CSharp\Voodoo\Sauce\Debugger\VoodooTuneDebugScreen.cs","Voodoo.Sauce.Debugger","VoodooTuneDebugScreen","8"
"Assets\Scripts\Assembly-CSharp\Voodoo\Sauce\Debugger\VoodooTuneHomeDebugScreen.cs","Voodoo.Sauce.Debugger","VoodooTuneHomeDebugScreen","101"
"Assets\Scripts\Assembly-CSharp\Voodoo\Sauce\Debugger\VoodooTuneLoadingDebugScreen.cs","Voodoo.Sauce.Debugger","VoodooTuneLoadingDebugScreen","61"
"Assets\Scripts\Assembly-CSharp\Voodoo\Sauce\Debugger\VoodooTuneSandboxDebugScreen.cs","Voodoo.Sauce.Debugger","VoodooTuneSandboxDebugScreen","20"
"Assets\Scripts\Assembly-CSharp\Voodoo\Sauce\Debugger\VoodooTuneSegmentsDebugScreen.cs","Voodoo.Sauce.Debugger","VoodooTuneSegmentsDebugScreen","35"
"Assets\Scripts\Assembly-CSharp\Voodoo\Sauce\Debugger\VSScreen.cs","Voodoo.Sauce.Debugger","VSScreen","8"
"Assets\Scripts\Assembly-CSharp\Voodoo\Sauce\Debugger\Widget.cs","Voodoo.Sauce.Debugger","Widget","9"
"Assets\Scripts\Assembly-CSharp\Voodoo\Sauce\Debugger\WidgetBank.cs","Voodoo.Sauce.Debugger","WidgetBank","12"
"Assets\Scripts\Assembly-CSharp\Voodoo\Sauce\Debugger\WidgetUtility.cs","Voodoo.Sauce.Debugger","WidgetUtility","156"
"Assets\Scripts\Assembly-CSharp\Voodoo\Sauce\Debugger\Widgets\DebugRowLabel.cs","Voodoo.Sauce.Debugger.Widgets","DebugRowLabel","26"
"Assets\Scripts\Assembly-CSharp\Voodoo\Sauce\Debugger\Widgets\DebugSeparator.cs","Voodoo.Sauce.Debugger.Widgets","DebugSeparator","31"
"Assets\Scripts\Assembly-CSharp\Voodoo\Sauce\Debugger\Widgets\DebugTextPair.cs","Voodoo.Sauce.Debugger.Widgets","DebugTextPair","71"
"Assets\Scripts\Assembly-CSharp\Voodoo\Sauce\DeviceInfo\AndroidNativeVolumeService.cs","Voodoo.Sauce.DeviceInfo","AndroidNativeVolumeService","32"
"Assets\Scripts\Assembly-CSharp\Voodoo\Sauce\DeviceInfo\Audio.cs","Voodoo.Sauce.DeviceInfo","Audio","16"
"Assets\Scripts\Assembly-CSharp\Voodoo\Sauce\Firebase\FirebaseCrashlyticsConstants.cs","Voodoo.Sauce.Firebase","FirebaseCrashlyticsConstants","8"
"Assets\Scripts\Assembly-CSharp\Voodoo\Sauce\Firebase\FirebaseCrashlyticsPrivacy.cs","Voodoo.Sauce.Firebase","FirebaseCrashlyticsPrivacy","16"
"Assets\Scripts\Assembly-CSharp\Voodoo\Sauce\Firebase\FirebaseCrashlyticsProvider.cs","Voodoo.Sauce.Firebase","FirebaseCrashlyticsProvider","62"
"Assets\Scripts\Assembly-CSharp\Voodoo\Sauce\Firebase\FirebaseCrashlyticsWrapper.cs","Voodoo.Sauce.Firebase","FirebaseCrashlyticsWrapper","46"
"Assets\Scripts\Assembly-CSharp\Voodoo\Sauce\Firebase\Interfaces\ICrashlyticsProviderSDK.cs","Voodoo.Sauce.Firebase.Interfaces","ICrashlyticsProviderSDK","9"
"Assets\Scripts\Assembly-CSharp\Voodoo\Sauce\GoogleChromePromotion\GoogleChromeChecker.cs","Voodoo.Sauce.GoogleChromePromotion","GoogleChromeChecker","11"
"Assets\Scripts\Assembly-CSharp\Voodoo\Sauce\GoogleChromePromotion\GoogleChromePromotionAnalytics.cs","Voodoo.Sauce.GoogleChromePromotion","GoogleChromePromotionAnalytics;EventName","50"
"Assets\Scripts\Assembly-CSharp\Voodoo\Sauce\GoogleChromePromotion\GoogleChromePromotionBanner.cs","Voodoo.Sauce.GoogleChromePromotion","GoogleChromePromotionBanner","32"
"Assets\Scripts\Assembly-CSharp\Voodoo\Sauce\GoogleChromePromotion\GoogleChromePromotionClaimingRewardScreen.cs","Voodoo.Sauce.GoogleChromePromotion","GoogleChromePromotionClaimingRewardScreen;Parameters","43"
"Assets\Scripts\Assembly-CSharp\Voodoo\Sauce\GoogleChromePromotion\GoogleChromePromotionConfig.cs","Voodoo.Sauce.GoogleChromePromotion","GoogleChromePromotionConfig","16"
"Assets\Scripts\Assembly-CSharp\Voodoo\Sauce\GoogleChromePromotion\GoogleChromePromotionLocalisation.cs","Voodoo.Sauce.GoogleChromePromotion","GoogleChromePromotionLocalisation","36"
"Assets\Scripts\Assembly-CSharp\Voodoo\Sauce\GoogleChromePromotion\GoogleChromePromotionManager.cs","Voodoo.Sauce.GoogleChromePromotion","GoogleChromePromotionManager","109"
"Assets\Scripts\Assembly-CSharp\Voodoo\Sauce\GoogleChromePromotion\GoogleChromePromotionMonoBehaviour.cs","Voodoo.Sauce.GoogleChromePromotion","GoogleChromePromotionMonoBehaviour;State;Parameters","115"
"Assets\Scripts\Assembly-CSharp\Voodoo\Sauce\GoogleChromePromotion\GoogleChromePromotionRewardScreen.cs","Voodoo.Sauce.GoogleChromePromotion","GoogleChromePromotionRewardScreen;Parameters","33"
"Assets\Scripts\Assembly-CSharp\Voodoo\Sauce\GoogleChromePromotion\GoogleChromePromotionScreen.cs","Voodoo.Sauce.GoogleChromePromotion","GoogleChromePromotionScreen;Parameters","38"
"Assets\Scripts\Assembly-CSharp\Voodoo\Sauce\IAP\IAPAnalyticsTracker.cs","Voodoo.Sauce.IAP","IAPAnalyticsTracker","48"
"Assets\Scripts\Assembly-CSharp\Voodoo\Sauce\IAP\IAPCrashReporter.cs","Voodoo.Sauce.IAP","IAPCrashReporter","21"
"Assets\Scripts\Assembly-CSharp\Voodoo\Sauce\IAP\IAPDataBridge.cs","Voodoo.Sauce.IAP","IAPDataBridge","110"
"Assets\Scripts\Assembly-CSharp\Voodoo\Sauce\IAP\IAPDebugManager.cs","Voodoo.Sauce.IAP","IAPDebugManager","87"
"Assets\Scripts\Assembly-CSharp\Voodoo\Sauce\IAP\IAPDebugProduct.cs","Voodoo.Sauce.IAP","IAPDebugProduct;Status","31"
"Assets\Scripts\Assembly-CSharp\Voodoo\Sauce\IAP\IAPIntegrationCheck.cs","Voodoo.Sauce.IAP","IAPIntegrationCheck","73"
"Assets\Scripts\Assembly-CSharp\Voodoo\Sauce\IAP\IAPMediator.cs","Voodoo.Sauce.IAP","IAPMediator","112"
"Assets\Scripts\Assembly-CSharp\Voodoo\Sauce\Internal\ILogger.cs","Voodoo.Sauce.Internal","ILogger","17"
"Assets\Scripts\Assembly-CSharp\Voodoo\Sauce\Internal\Module.cs","Voodoo.Sauce.Internal","Module","17"
"Assets\Scripts\Assembly-CSharp\Voodoo\Sauce\Internal\VoodooConfig.cs","Voodoo.Sauce.Internal","VoodooConfig","16"
"Assets\Scripts\Assembly-CSharp\Voodoo\Sauce\Internal\VoodooConstants.cs","Voodoo.Sauce.Internal","VoodooConstants","8"
"Assets\Scripts\Assembly-CSharp\Voodoo\Sauce\Internal\VoodooLog.cs","Voodoo.Sauce.Internal","VoodooLog","78"
"Assets\Scripts\Assembly-CSharp\Voodoo\Sauce\Internal\VoodooLogger.cs","Voodoo.Sauce.Internal","VoodooLogger","39"
"Assets\Scripts\Assembly-CSharp\Voodoo\Sauce\Internal\VoodooVersion.cs","Voodoo.Sauce.Internal","VoodooVersion","90"
"Assets\Scripts\Assembly-CSharp\Voodoo\Sauce\Internal\Ads\AdDisplayConditions.cs","Voodoo.Sauce.Internal.Ads","AdDisplayConditions;AdConditionState","226"
"Assets\Scripts\Assembly-CSharp\Voodoo\Sauce\Internal\Ads\AdFrequencyConfiguration.cs","Voodoo.Sauce.Internal.Ads","AdFrequencyConfiguration","30"
"Assets\Scripts\Assembly-CSharp\Voodoo\Sauce\Internal\Ads\AdjoeAdsMaxAdsPrivacy.cs","Voodoo.Sauce.Internal.Ads","AdjoeAdsMaxAdsPrivacy","16"
"Assets\Scripts\Assembly-CSharp\Voodoo\Sauce\Internal\Ads\AdjustAnalyticsPrivacy.cs","Voodoo.Sauce.Internal.Ads","AdjustAnalyticsPrivacy","16"
"Assets\Scripts\Assembly-CSharp\Voodoo\Sauce\Internal\Ads\AdLoadingState.cs","Voodoo.Sauce.Internal.Ads","AdLoadingState","13"
"Assets\Scripts\Assembly-CSharp\Voodoo\Sauce\Internal\Ads\AdnMaxAdsPrivacy.cs","Voodoo.Sauce.Internal.Ads","AdnMaxAdsPrivacy","16"
"Assets\Scripts\Assembly-CSharp\Voodoo\Sauce\Internal\Ads\AdsConstants.cs","Voodoo.Sauce.Internal.Ads","AdsConstants","26"
"Assets\Scripts\Assembly-CSharp\Voodoo\Sauce\Internal\Ads\AdsKeys.cs","Voodoo.Sauce.Internal.Ads","AdsKeys","92"
"Assets\Scripts\Assembly-CSharp\Voodoo\Sauce\Internal\Ads\AdsManager.cs","Voodoo.Sauce.Internal.Ads","AdsManager","177"
"Assets\Scripts\Assembly-CSharp\Voodoo\Sauce\Internal\Ads\AdTimer.cs","Voodoo.Sauce.Internal.Ads","AdTimer","33"
"Assets\Scripts\Assembly-CSharp\Voodoo\Sauce\Internal\Ads\AdTimers.cs","Voodoo.Sauce.Internal.Ads","AdTimers","30"
"Assets\Scripts\Assembly-CSharp\Voodoo\Sauce\Internal\Ads\AdUnits.cs","Voodoo.Sauce.Internal.Ads","AdUnits;AdUnit","63"
"Assets\Scripts\Assembly-CSharp\Voodoo\Sauce\Internal\Ads\AdUnitsManager.cs","Voodoo.Sauce.Internal.Ads","AdUnitsManager","19"
"Assets\Scripts\Assembly-CSharp\Voodoo\Sauce\Internal\Ads\AdUnitsRemoteConfigs.cs","Voodoo.Sauce.Internal.Ads","AdUnitsRemoteConfigs","27"
"Assets\Scripts\Assembly-CSharp\Voodoo\Sauce\Internal\Ads\AdUnitType.cs","Voodoo.Sauce.Internal.Ads","AdUnitType","10"
"Assets\Scripts\Assembly-CSharp\Voodoo\Sauce\Internal\Ads\AmazonConfig.cs","Voodoo.Sauce.Internal.Ads","AmazonConfig","11"
"Assets\Scripts\Assembly-CSharp\Voodoo\Sauce\Internal\Ads\AmazonKey.cs","Voodoo.Sauce.Internal.Ads","AmazonKey","17"
"Assets\Scripts\Assembly-CSharp\Voodoo\Sauce\Internal\Ads\AmazonWrapper.cs","Voodoo.Sauce.Internal.Ads","AmazonWrapper","45"
"Assets\Scripts\Assembly-CSharp\Voodoo\Sauce\Internal\Ads\AppLovinPrivacy.cs","Voodoo.Sauce.Internal.Ads","AppLovinPrivacy","16"
"Assets\Scripts\Assembly-CSharp\Voodoo\Sauce\Internal\Ads\AppOpen.cs","Voodoo.Sauce.Internal.Ads","AppOpen;AdType;InternalAdState","99"
"Assets\Scripts\Assembly-CSharp\Voodoo\Sauce\Internal\Ads\AppOpenAdConfig.cs","Voodoo.Sauce.Internal.Ads","AppOpenAdConfig","24"
"Assets\Scripts\Assembly-CSharp\Voodoo\Sauce\Internal\Ads\AudioAdConfig.cs","Voodoo.Sauce.Internal.Ads","AudioAdConfig","27"
"Assets\Scripts\Assembly-CSharp\Voodoo\Sauce\Internal\Ads\AudioAdPosition.cs","Voodoo.Sauce.Internal.Ads","AudioAdPosition","16"
"Assets\Scripts\Assembly-CSharp\Voodoo\Sauce\Internal\Ads\AudioAdPositionBehaviour.cs","Voodoo.Sauce.Internal.Ads","AudioAdPositionBehaviour","34"
"Assets\Scripts\Assembly-CSharp\Voodoo\Sauce\Internal\Ads\AudioAdsGracePeriod.cs","Voodoo.Sauce.Internal.Ads","AudioAdsGracePeriod","68"
"Assets\Scripts\Assembly-CSharp\Voodoo\Sauce\Internal\Ads\AudioAdsGracePeriodRunner.cs","Voodoo.Sauce.Internal.Ads","AudioAdsGracePeriodRunner;_003CRefreshPeriodically_003Ed__4;implementation","89"
"Assets\Scripts\Assembly-CSharp\Voodoo\Sauce\Internal\Ads\AudioAdsGracePeriodTime.cs","Voodoo.Sauce.Internal.Ads","AudioAdsGracePeriodTime","8"
"Assets\Scripts\Assembly-CSharp\Voodoo\Sauce\Internal\Ads\AudioAdsLog.cs","Voodoo.Sauce.Internal.Ads","AudioAdsLog","20"
"Assets\Scripts\Assembly-CSharp\Voodoo\Sauce\Internal\Ads\AudioAdsManager.cs","Voodoo.Sauce.Internal.Ads","AudioAdsManager","188"
"Assets\Scripts\Assembly-CSharp\Voodoo\Sauce\Internal\Ads\AudioAdsPopup.cs","Voodoo.Sauce.Internal.Ads","AudioAdsPopup","88"
"Assets\Scripts\Assembly-CSharp\Voodoo\Sauce\Internal\Ads\AudioAdsPopupLocalisation.cs","Voodoo.Sauce.Internal.Ads","AudioAdsPopupLocalisation","17"
"Assets\Scripts\Assembly-CSharp\Voodoo\Sauce\Internal\Ads\AudioAdsPopupTrigger.cs","Voodoo.Sauce.Internal.Ads","AudioAdsPopupTrigger","40"
"Assets\Scripts\Assembly-CSharp\Voodoo\Sauce\Internal\Ads\AudioAdsPopupTriggerLogic.cs","Voodoo.Sauce.Internal.Ads","AudioAdsPopupTriggerLogic","49"
"Assets\Scripts\Assembly-CSharp\Voodoo\Sauce\Internal\Ads\AudioAdState.cs","Voodoo.Sauce.Internal.Ads","AudioAdState","15"
"Assets\Scripts\Assembly-CSharp\Voodoo\Sauce\Internal\Ads\AudioMobAdsNetwork.cs","Voodoo.Sauce.Internal.Ads","AudioMobAdsNetwork","167"
"Assets\Scripts\Assembly-CSharp\Voodoo\Sauce\Internal\Ads\AudioMobAudioAdsSDK.cs","Voodoo.Sauce.Internal.Ads","AudioMobAudioAdsSDK","16"
"Assets\Scripts\Assembly-CSharp\Voodoo\Sauce\Internal\Ads\AudioMobCanvas.cs","Voodoo.Sauce.Internal.Ads","AudioMobCanvas","19"
"Assets\Scripts\Assembly-CSharp\Voodoo\Sauce\Internal\Ads\AudioMobConfig.cs","Voodoo.Sauce.Internal.Ads","AudioMobConfig","11"
"Assets\Scripts\Assembly-CSharp\Voodoo\Sauce\Internal\Ads\AudioMobPrivacy.cs","Voodoo.Sauce.Internal.Ads","AudioMobPrivacy","14"
"Assets\Scripts\Assembly-CSharp\Voodoo\Sauce\Internal\Ads\Banner.cs","Voodoo.Sauce.Internal.Ads","Banner;InternalAdState","106"
"Assets\Scripts\Assembly-CSharp\Voodoo\Sauce\Internal\Ads\BannerBackground.cs","Voodoo.Sauce.Internal.Ads","BannerBackground","144"
"Assets\Scripts\Assembly-CSharp\Voodoo\Sauce\Internal\Ads\BannerConfiguration.cs","Voodoo.Sauce.Internal.Ads","BannerConfiguration","11"
"Assets\Scripts\Assembly-CSharp\Voodoo\Sauce\Internal\Ads\BannerPopupLocalisation.cs","Voodoo.Sauce.Internal.Ads","BannerPopupLocalisation","42"
"Assets\Scripts\Assembly-CSharp\Voodoo\Sauce\Internal\Ads\BaseAd.cs","Voodoo.Sauce.Internal.Ads","BaseAd","93"
"Assets\Scripts\Assembly-CSharp\Voodoo\Sauce\Internal\Ads\BidMachineMaxAdsPrivacy.cs","Voodoo.Sauce.Internal.Ads","BidMachineMaxAdsPrivacy","16"
"Assets\Scripts\Assembly-CSharp\Voodoo\Sauce\Internal\Ads\BigoAdsMaxAdsPrivacy.cs","Voodoo.Sauce.Internal.Ads","BigoAdsMaxAdsPrivacy","17"
"Assets\Scripts\Assembly-CSharp\Voodoo\Sauce\Internal\Ads\ByteDanceMaxAdsPrivacy.cs","Voodoo.Sauce.Internal.Ads","ByteDanceMaxAdsPrivacy","16"
"Assets\Scripts\Assembly-CSharp\Voodoo\Sauce\Internal\Ads\CompositeAudioAdsNetwork.cs","Voodoo.Sauce.Internal.Ads","CompositeAudioAdsNetwork;PositionData","166"
"Assets\Scripts\Assembly-CSharp\Voodoo\Sauce\Internal\Ads\Extensions.cs","Voodoo.Sauce.Internal.Ads","Extensions","13"
"Assets\Scripts\Assembly-CSharp\Voodoo\Sauce\Internal\Ads\FacebookMaxAdNetwork.cs","Voodoo.Sauce.Internal.Ads","FacebookMaxAdNetwork","24"
"Assets\Scripts\Assembly-CSharp\Voodoo\Sauce\Internal\Ads\FacebookMaxAdsPrivacy.cs","Voodoo.Sauce.Internal.Ads","FacebookMaxAdsPrivacy","16"
"Assets\Scripts\Assembly-CSharp\Voodoo\Sauce\Internal\Ads\FyberMaxAdsPrivacy.cs","Voodoo.Sauce.Internal.Ads","FyberMaxAdsPrivacy","16"
"Assets\Scripts\Assembly-CSharp\Voodoo\Sauce\Internal\Ads\GoogleAdManagerMaxAdsPrivacy.cs","Voodoo.Sauce.Internal.Ads","GoogleAdManagerMaxAdsPrivacy","16"
"Assets\Scripts\Assembly-CSharp\Voodoo\Sauce\Internal\Ads\GoogleMaxAdsPrivacy.cs","Voodoo.Sauce.Internal.Ads","GoogleMaxAdsPrivacy","16"
"Assets\Scripts\Assembly-CSharp\Voodoo\Sauce\Internal\Ads\IAudioAdPositionBehaviour.cs","Voodoo.Sauce.Internal.Ads","IAudioAdPositionBehaviour","16"
"Assets\Scripts\Assembly-CSharp\Voodoo\Sauce\Internal\Ads\IAudioAdsNetwork.cs","Voodoo.Sauce.Internal.Ads","IAudioAdsNetwork","35"
"Assets\Scripts\Assembly-CSharp\Voodoo\Sauce\Internal\Ads\IAudioAdsTime.cs","Voodoo.Sauce.Internal.Ads","IAudioAdsTime","8"
"Assets\Scripts\Assembly-CSharp\Voodoo\Sauce\Internal\Ads\IMediationAdapter.cs","Voodoo.Sauce.Internal.Ads","IMediationAdapter","103"
"Assets\Scripts\Assembly-CSharp\Voodoo\Sauce\Internal\Ads\IMediationAdapterSDK.cs","Voodoo.Sauce.Internal.Ads","IMediationAdapterSDK","10"
"Assets\Scripts\Assembly-CSharp\Voodoo\Sauce\Internal\Ads\InMobiMaxAdsPrivacy.cs","Voodoo.Sauce.Internal.Ads","InMobiMaxAdsPrivacy","16"
"Assets\Scripts\Assembly-CSharp\Voodoo\Sauce\Internal\Ads\Interstitial.cs","Voodoo.Sauce.Internal.Ads","Interstitial;InternalAdState;_003CMeasureFsDismissDelay_003Ed__33;implementation;_003CStartSecondFs_003Ed__32;implementation","281"
"Assets\Scripts\Assembly-CSharp\Voodoo\Sauce\Internal\Ads\IronSourceMaxAdsPrivacy.cs","Voodoo.Sauce.Internal.Ads","IronSourceMaxAdsPrivacy","16"
"Assets\Scripts\Assembly-CSharp\Voodoo\Sauce\Internal\Ads\LineMaxAdsPrivacy.cs","Voodoo.Sauce.Internal.Ads","LineMaxAdsPrivacy","16"
"Assets\Scripts\Assembly-CSharp\Voodoo\Sauce\Internal\Ads\MaxNativeAdsSdk.cs","Voodoo.Sauce.Internal.Ads","MaxNativeAdsSdk","10"
"Assets\Scripts\Assembly-CSharp\Voodoo\Sauce\Internal\Ads\MaxNativeAdsSdkAndroid.cs","Voodoo.Sauce.Internal.Ads","MaxNativeAdsSdkAndroid;NativeAdsCallbackProxy","53"
"Assets\Scripts\Assembly-CSharp\Voodoo\Sauce\Internal\Ads\MaxNativeAdsSdkCallbacks.cs","Voodoo.Sauce.Internal.Ads","MaxNativeAdsSdkCallbacks","114"
"Assets\Scripts\Assembly-CSharp\Voodoo\Sauce\Internal\Ads\MaxNativeAdsSdkiOS.cs","Voodoo.Sauce.Internal.Ads","MaxNativeAdsSdkiOS","12"
"Assets\Scripts\Assembly-CSharp\Voodoo\Sauce\Internal\Ads\MaxNativeAdsSdkUnityEditor.cs","Voodoo.Sauce.Internal.Ads","MaxNativeAdsSdkUnityEditor","31"
"Assets\Scripts\Assembly-CSharp\Voodoo\Sauce\Internal\Ads\MediationAdapterSelector.cs","Voodoo.Sauce.Internal.Ads","MediationAdapterSelector","39"
"Assets\Scripts\Assembly-CSharp\Voodoo\Sauce\Internal\Ads\MediationType.cs","Voodoo.Sauce.Internal.Ads","MediationType","10"
"Assets\Scripts\Assembly-CSharp\Voodoo\Sauce\Internal\Ads\MediationUserIdManager.cs","Voodoo.Sauce.Internal.Ads","MediationUserIdManager","20"
"Assets\Scripts\Assembly-CSharp\Voodoo\Sauce\Internal\Ads\MintegralMaxAdsPrivacy.cs","Voodoo.Sauce.Internal.Ads","MintegralMaxAdsPrivacy","16"
"Assets\Scripts\Assembly-CSharp\Voodoo\Sauce\Internal\Ads\Mrec.cs","Voodoo.Sauce.Internal.Ads","Mrec;InternalAdState","84"
"Assets\Scripts\Assembly-CSharp\Voodoo\Sauce\Internal\Ads\MrecInactivityScreenAdsConfig.cs","Voodoo.Sauce.Internal.Ads","MrecInactivityScreenAdsConfig","11"
"Assets\Scripts\Assembly-CSharp\Voodoo\Sauce\Internal\Ads\MutedAds.cs","Voodoo.Sauce.Internal.Ads","MutedAds","11"
"Assets\Scripts\Assembly-CSharp\Voodoo\Sauce\Internal\Ads\NativeAds.cs","Voodoo.Sauce.Internal.Ads","NativeAds;InternalAdState","103"
"Assets\Scripts\Assembly-CSharp\Voodoo\Sauce\Internal\Ads\PubmaticMaxAdsPrivacy.cs","Voodoo.Sauce.Internal.Ads","PubmaticMaxAdsPrivacy","16"
"Assets\Scripts\Assembly-CSharp\Voodoo\Sauce\Internal\Ads\RewardedInterstitialManager.cs","Voodoo.Sauce.Internal.Ads","RewardedInterstitialManager","117"
"Assets\Scripts\Assembly-CSharp\Voodoo\Sauce\Internal\Ads\RewardedInterstitialVideo.cs","Voodoo.Sauce.Internal.Ads","RewardedInterstitialVideo","100"
"Assets\Scripts\Assembly-CSharp\Voodoo\Sauce\Internal\Ads\RewardedReplaceState.cs","Voodoo.Sauce.Internal.Ads","RewardedReplaceState","10"
"Assets\Scripts\Assembly-CSharp\Voodoo\Sauce\Internal\Ads\RewardedVideo.cs","Voodoo.Sauce.Internal.Ads","RewardedVideo;InternalAdState;_003CMeasureRVDismissDelay_003Ed__36;implementation;_003CStartSecondRV_003Ed__35;implementation","293"
"Assets\Scripts\Assembly-CSharp\Voodoo\Sauce\Internal\Ads\UnityAdsMaxAdsPrivacy.cs","Voodoo.Sauce.Internal.Ads","UnityAdsMaxAdsPrivacy","16"
"Assets\Scripts\Assembly-CSharp\Voodoo\Sauce\Internal\Ads\VerveMaxAdsPrivacy.cs","Voodoo.Sauce.Internal.Ads","VerveMaxAdsPrivacy","16"
"Assets\Scripts\Assembly-CSharp\Voodoo\Sauce\Internal\Ads\VoodooAdInfo.cs","Voodoo.Sauce.Internal.Ads","VoodooAdInfo","66"
"Assets\Scripts\Assembly-CSharp\Voodoo\Sauce\Internal\Ads\VoodooErrorAdInfo.cs","Voodoo.Sauce.Internal.Ads","VoodooErrorAdInfo","14"
"Assets\Scripts\Assembly-CSharp\Voodoo\Sauce\Internal\Ads\VoodooPremium.cs","Voodoo.Sauce.Internal.Ads","VoodooPremium","64"
"Assets\Scripts\Assembly-CSharp\Voodoo\Sauce\Internal\Ads\VungleMaxAdsPrivacy.cs","Voodoo.Sauce.Internal.Ads","VungleMaxAdsPrivacy","16"
"Assets\Scripts\Assembly-CSharp\Voodoo\Sauce\Internal\Ads\FakeMediation\FakeAd.cs","Voodoo.Sauce.Internal.Ads.FakeMediation","FakeAd","32"
"Assets\Scripts\Assembly-CSharp\Voodoo\Sauce\Internal\Ads\FakeMediation\FakeAdsManager.cs","Voodoo.Sauce.Internal.Ads.FakeMediation","FakeAdsManager","29"
"Assets\Scripts\Assembly-CSharp\Voodoo\Sauce\Internal\Ads\FakeMediation\FakeAppOpenAd.cs","Voodoo.Sauce.Internal.Ads.FakeMediation","FakeAppOpenAd","16"
"Assets\Scripts\Assembly-CSharp\Voodoo\Sauce\Internal\Ads\FakeMediation\FakeBannerAd.cs","Voodoo.Sauce.Internal.Ads.FakeMediation","FakeBannerAd","10"
"Assets\Scripts\Assembly-CSharp\Voodoo\Sauce\Internal\Ads\FakeMediation\FakeClosableAd.cs","Voodoo.Sauce.Internal.Ads.FakeMediation","FakeClosableAd","14"
"Assets\Scripts\Assembly-CSharp\Voodoo\Sauce\Internal\Ads\FakeMediation\FakeInterstitialAd.cs","Voodoo.Sauce.Internal.Ads.FakeMediation","FakeInterstitialAd","18"
"Assets\Scripts\Assembly-CSharp\Voodoo\Sauce\Internal\Ads\FakeMediation\FakeMediationAdapter.cs","Voodoo.Sauce.Internal.Ads.FakeMediation","FakeMediationAdapter","390"
"Assets\Scripts\Assembly-CSharp\Voodoo\Sauce\Internal\Ads\FakeMediation\FakeMediationBehaviour.cs","Voodoo.Sauce.Internal.Ads.FakeMediation","FakeMediationBehaviour;_003CShowBanner_003Ed__15;implementation;implementation","155"
"Assets\Scripts\Assembly-CSharp\Voodoo\Sauce\Internal\Ads\FakeMediation\FakeMediationCallbacks.cs","Voodoo.Sauce.Internal.Ads.FakeMediation","FakeMediationCallbacks","446"
"Assets\Scripts\Assembly-CSharp\Voodoo\Sauce\Internal\Ads\FakeMediation\FakeMrecAd.cs","Voodoo.Sauce.Internal.Ads.FakeMediation","FakeMrecAd","15"
"Assets\Scripts\Assembly-CSharp\Voodoo\Sauce\Internal\Ads\FakeMediation\FakeNativeAd.cs","Voodoo.Sauce.Internal.Ads.FakeMediation","FakeNativeAd","25"
"Assets\Scripts\Assembly-CSharp\Voodoo\Sauce\Internal\Ads\FakeMediation\FakeRewardedVideoAd.cs","Voodoo.Sauce.Internal.Ads.FakeMediation","FakeRewardedVideoAd","27"
"Assets\Scripts\Assembly-CSharp\Voodoo\Sauce\Internal\Ads\FakeMediation\IFakeAdsManager.cs","Voodoo.Sauce.Internal.Ads.FakeMediation","IFakeAdsManager","12"
"Assets\Scripts\Assembly-CSharp\Voodoo\Sauce\Internal\Ads\MaxMediation\AmazonConfig.cs","Voodoo.Sauce.Internal.Ads.MaxMediation","AmazonConfig","7"
"Assets\Scripts\Assembly-CSharp\Voodoo\Sauce\Internal\Ads\MaxMediation\AmazonMaxAdsPrivacy.cs","Voodoo.Sauce.Internal.Ads.MaxMediation","AmazonMaxAdsPrivacy","16"
"Assets\Scripts\Assembly-CSharp\Voodoo\Sauce\Internal\Ads\MaxMediation\AmazonMaxAdsSdk.cs","Voodoo.Sauce.Internal.Ads.MaxMediation","AmazonMaxAdsSdk","21"
"Assets\Scripts\Assembly-CSharp\Voodoo\Sauce\Internal\Ads\MaxMediation\IMaxAdsCustomNetworkSDK.cs","Voodoo.Sauce.Internal.Ads.MaxMediation","IMaxAdsCustomNetworkSDK","10"
"Assets\Scripts\Assembly-CSharp\Voodoo\Sauce\Internal\Ads\MaxMediation\MaxAdInfo.cs","Voodoo.Sauce.Internal.Ads.MaxMediation","MaxAdInfo","24"
"Assets\Scripts\Assembly-CSharp\Voodoo\Sauce\Internal\Ads\MaxMediation\MaxMediationAdapter.cs","Voodoo.Sauce.Internal.Ads.MaxMediation","MaxMediationAdapter","519"
"Assets\Scripts\Assembly-CSharp\Voodoo\Sauce\Internal\Ads\MaxMediation\MaxMediationAdapterSDK.cs","Voodoo.Sauce.Internal.Ads.MaxMediation","MaxMediationAdapterSDK","54"
"Assets\Scripts\Assembly-CSharp\Voodoo\Sauce\Internal\Analytics\AdAnalyticsInfo.cs","Voodoo.Sauce.Internal.Analytics","AdAnalyticsInfo","36"
"Assets\Scripts\Assembly-CSharp\Voodoo\Sauce\Internal\Analytics\AdClickEventAnalyticsInfo.cs","Voodoo.Sauce.Internal.Analytics","AdClickEventAnalyticsInfo","8"
"Assets\Scripts\Assembly-CSharp\Voodoo\Sauce\Internal\Analytics\AdClosedEventAnalyticsInfo.cs","Voodoo.Sauce.Internal.Analytics","AdClosedEventAnalyticsInfo","14"
"Assets\Scripts\Assembly-CSharp\Voodoo\Sauce\Internal\Analytics\AdDataPassingAnalyticsInfo.cs","Voodoo.Sauce.Internal.Analytics","AdDataPassingAnalyticsInfo","16"
"Assets\Scripts\Assembly-CSharp\Voodoo\Sauce\Internal\Analytics\AdEventAnalyticsInfo.cs","Voodoo.Sauce.Internal.Analytics","AdEventAnalyticsInfo","17"
"Assets\Scripts\Assembly-CSharp\Voodoo\Sauce\Internal\Analytics\AdIncidentAnalyticsInfo.cs","Voodoo.Sauce.Internal.Analytics","AdIncidentAnalyticsInfo","25"
"Assets\Scripts\Assembly-CSharp\Voodoo\Sauce\Internal\Analytics\AdjustAnalyticsEvent.cs","Voodoo.Sauce.Internal.Analytics","AdjustAnalyticsEvent","26"
"Assets\Scripts\Assembly-CSharp\Voodoo\Sauce\Internal\Analytics\AdjustAnalyticsProvider.cs","Voodoo.Sauce.Internal.Analytics","AdjustAnalyticsProvider","67"
"Assets\Scripts\Assembly-CSharp\Voodoo\Sauce\Internal\Analytics\AdjustAnalyticsProviderSDK.cs","Voodoo.Sauce.Internal.Analytics","AdjustAnalyticsProviderSDK","17"
"Assets\Scripts\Assembly-CSharp\Voodoo\Sauce\Internal\Analytics\AdjustConstants.cs","Voodoo.Sauce.Internal.Analytics","AdjustConstants","24"
"Assets\Scripts\Assembly-CSharp\Voodoo\Sauce\Internal\Analytics\AdjustParameters.cs","Voodoo.Sauce.Internal.Analytics","AdjustParameters","14"
"Assets\Scripts\Assembly-CSharp\Voodoo\Sauce\Internal\Analytics\AdjustWrapper.cs","Voodoo.Sauce.Internal.Analytics","AdjustWrapper","81"
"Assets\Scripts\Assembly-CSharp\Voodoo\Sauce\Internal\Analytics\AdLoadedAnalyticsInfo.cs","Voodoo.Sauce.Internal.Analytics","AdLoadedAnalyticsInfo","8"
"Assets\Scripts\Assembly-CSharp\Voodoo\Sauce\Internal\Analytics\AdLoadedEventAnalyticsInfo.cs","Voodoo.Sauce.Internal.Analytics","AdLoadedEventAnalyticsInfo","18"
"Assets\Scripts\Assembly-CSharp\Voodoo\Sauce\Internal\Analytics\AdReviewAnalyticsInfo.cs","Voodoo.Sauce.Internal.Analytics","AdReviewAnalyticsInfo","16"
"Assets\Scripts\Assembly-CSharp\Voodoo\Sauce\Internal\Analytics\AdShowFailedEventAnalyticsInfo.cs","Voodoo.Sauce.Internal.Analytics","AdShowFailedEventAnalyticsInfo","22"
"Assets\Scripts\Assembly-CSharp\Voodoo\Sauce\Internal\Analytics\AdShownEventAnalyticsInfo.cs","Voodoo.Sauce.Internal.Analytics","AdShownEventAnalyticsInfo","8"
"Assets\Scripts\Assembly-CSharp\Voodoo\Sauce\Internal\Analytics\AdTriggeredEventAnalyticsInfo.cs","Voodoo.Sauce.Internal.Analytics","AdTriggeredEventAnalyticsInfo","10"
"Assets\Scripts\Assembly-CSharp\Voodoo\Sauce\Internal\Analytics\AnalyticsConfig.cs","Voodoo.Sauce.Internal.Analytics","AnalyticsConfig","61"
"Assets\Scripts\Assembly-CSharp\Voodoo\Sauce\Internal\Analytics\AnalyticsEventLogger.cs","Voodoo.Sauce.Internal.Analytics","AnalyticsEventLogger","132"
"Assets\Scripts\Assembly-CSharp\Voodoo\Sauce\Internal\Analytics\AnalyticsEventLoggerConstant.cs","Voodoo.Sauce.Internal.Analytics","AnalyticsEventLoggerConstant","12"
"Assets\Scripts\Assembly-CSharp\Voodoo\Sauce\Internal\Analytics\AnalyticsEventTimer.cs","Voodoo.Sauce.Internal.Analytics","AnalyticsEventTimer;TimerStatus","53"
"Assets\Scripts\Assembly-CSharp\Voodoo\Sauce\Internal\Analytics\AnalyticsManager.cs","Voodoo.Sauce.Internal.Analytics","AnalyticsManager;Banner;Interstitial;RewardedVideo","1686"
"Assets\Scripts\Assembly-CSharp\Voodoo\Sauce\Internal\Analytics\AnalyticsProviderInfo.cs","Voodoo.Sauce.Internal.Analytics","AnalyticsProviderInfo","14"
"Assets\Scripts\Assembly-CSharp\Voodoo\Sauce\Internal\Analytics\AnalyticsSessionManager.cs","Voodoo.Sauce.Internal.Analytics","AnalyticsSessionManager","101"
"Assets\Scripts\Assembly-CSharp\Voodoo\Sauce\Internal\Analytics\AnalyticsSettings.cs","Voodoo.Sauce.Internal.Analytics","AnalyticsSettings","87"
"Assets\Scripts\Assembly-CSharp\Voodoo\Sauce\Internal\Analytics\AnalyticsStorageHelper.cs","Voodoo.Sauce.Internal.Analytics","AnalyticsStorageHelper","375"
"Assets\Scripts\Assembly-CSharp\Voodoo\Sauce\Internal\Analytics\AnalyticsUserIdHelper.cs","Voodoo.Sauce.Internal.Analytics","AnalyticsUserIdHelper","22"
"Assets\Scripts\Assembly-CSharp\Voodoo\Sauce\Internal\Analytics\AttributionAnalyticsInfo.cs","Voodoo.Sauce.Internal.Analytics","AttributionAnalyticsInfo","28"
"Assets\Scripts\Assembly-CSharp\Voodoo\Sauce\Internal\Analytics\AttributionData.cs","Voodoo.Sauce.Internal.Analytics","AttributionData","10"
"Assets\Scripts\Assembly-CSharp\Voodoo\Sauce\Internal\Analytics\AudioAdAnalyticsInfo.cs","Voodoo.Sauce.Internal.Analytics","AudioAdAnalyticsInfo","26"
"Assets\Scripts\Assembly-CSharp\Voodoo\Sauce\Internal\Analytics\AudioAdFailedAnalyticsInfo.cs","Voodoo.Sauce.Internal.Analytics","AudioAdFailedAnalyticsInfo","8"
"Assets\Scripts\Assembly-CSharp\Voodoo\Sauce\Internal\Analytics\AudioAdImpressionAnalyticsInfo.cs","Voodoo.Sauce.Internal.Analytics","AudioAdImpressionAnalyticsInfo","10"
"Assets\Scripts\Assembly-CSharp\Voodoo\Sauce\Internal\Analytics\AudioAdsAnalyticsManager.cs","Voodoo.Sauce.Internal.Analytics","AudioAdsAnalyticsManager","162"
"Assets\Scripts\Assembly-CSharp\Voodoo\Sauce\Internal\Analytics\AudioAdTriggerAnalyticsInfo.cs","Voodoo.Sauce.Internal.Analytics","AudioAdTriggerAnalyticsInfo","8"
"Assets\Scripts\Assembly-CSharp\Voodoo\Sauce\Internal\Analytics\BaseAnalyticsEvent.cs","Voodoo.Sauce.Internal.Analytics","BaseAnalyticsEvent","37"
"Assets\Scripts\Assembly-CSharp\Voodoo\Sauce\Internal\Analytics\BaseAnalyticsProviderWithLogger.cs","Voodoo.Sauce.Internal.Analytics","BaseAnalyticsProviderWithLogger","22"
"Assets\Scripts\Assembly-CSharp\Voodoo\Sauce\Internal\Analytics\ConversionAdEventInfo.cs","Voodoo.Sauce.Internal.Analytics","ConversionAdEventInfo","16"
"Assets\Scripts\Assembly-CSharp\Voodoo\Sauce\Internal\Analytics\ConversionEventInfo.cs","Voodoo.Sauce.Internal.Analytics","ConversionEventInfo","22"
"Assets\Scripts\Assembly-CSharp\Voodoo\Sauce\Internal\Analytics\ConversionEventName.cs","Voodoo.Sauce.Internal.Analytics","ConversionEventName","10"
"Assets\Scripts\Assembly-CSharp\Voodoo\Sauce\Internal\Analytics\ConversionEventsManager.cs","Voodoo.Sauce.Internal.Analytics","ConversionEventsManager","44"
"Assets\Scripts\Assembly-CSharp\Voodoo\Sauce\Internal\Analytics\ConversionEventsSettings.cs","Voodoo.Sauce.Internal.Analytics","ConversionEventsSettings","71"
"Assets\Scripts\Assembly-CSharp\Voodoo\Sauce\Internal\Analytics\CrossPromoAnalyticsInfo.cs","Voodoo.Sauce.Internal.Analytics","CrossPromoAnalyticsInfo","22"
"Assets\Scripts\Assembly-CSharp\Voodoo\Sauce\Internal\Analytics\CrossPromoInitInfo.cs","Voodoo.Sauce.Internal.Analytics","CrossPromoInitInfo","16"
"Assets\Scripts\Assembly-CSharp\Voodoo\Sauce\Internal\Analytics\DebugAnalyticsLog.cs","Voodoo.Sauce.Internal.Analytics","DebugAnalyticsLog","45"
"Assets\Scripts\Assembly-CSharp\Voodoo\Sauce\Internal\Analytics\DebugAnalyticsStateEnum.cs","Voodoo.Sauce.Internal.Analytics","DebugAnalyticsStateEnum","12"
"Assets\Scripts\Assembly-CSharp\Voodoo\Sauce\Internal\Analytics\DesignEvent.cs","Voodoo.Sauce.Internal.Analytics","DesignEvent","19"
"Assets\Scripts\Assembly-CSharp\Voodoo\Sauce\Internal\Analytics\FakeImpressionAnalyticsInfo.cs","Voodoo.Sauce.Internal.Analytics","FakeImpressionAnalyticsInfo","7"
"Assets\Scripts\Assembly-CSharp\Voodoo\Sauce\Internal\Analytics\FirebaseAnalyticsConstants.cs","Voodoo.Sauce.Internal.Analytics","FirebaseAnalyticsConstants","96"
"Assets\Scripts\Assembly-CSharp\Voodoo\Sauce\Internal\Analytics\FirebaseAnalyticsEvent.cs","Voodoo.Sauce.Internal.Analytics","FirebaseAnalyticsEvent","48"
"Assets\Scripts\Assembly-CSharp\Voodoo\Sauce\Internal\Analytics\FirebaseAnalyticsPrivacy.cs","Voodoo.Sauce.Internal.Analytics","FirebaseAnalyticsPrivacy","16"
"Assets\Scripts\Assembly-CSharp\Voodoo\Sauce\Internal\Analytics\FirebaseAnalyticsProvider.cs","Voodoo.Sauce.Internal.Analytics","FirebaseAnalyticsProvider","83"
"Assets\Scripts\Assembly-CSharp\Voodoo\Sauce\Internal\Analytics\FirebaseAnalyticsProviderSDK.cs","Voodoo.Sauce.Internal.Analytics","FirebaseAnalyticsProviderSDK","17"
"Assets\Scripts\Assembly-CSharp\Voodoo\Sauce\Internal\Analytics\FirebaseAnalyticsWrapper.cs","Voodoo.Sauce.Internal.Analytics","FirebaseAnalyticsWrapper;_003CTrackFirebaseInstallAsync_003Ed__10;implementation;implementation","80"
"Assets\Scripts\Assembly-CSharp\Voodoo\Sauce\Internal\Analytics\FirebaseMessagingProviderSDK.cs","Voodoo.Sauce.Internal.Analytics","FirebaseMessagingProviderSDK","21"
"Assets\Scripts\Assembly-CSharp\Voodoo\Sauce\Internal\Analytics\FirebaseMessagingWrapper.cs","Voodoo.Sauce.Internal.Analytics","FirebaseMessagingWrapper","33"
"Assets\Scripts\Assembly-CSharp\Voodoo\Sauce\Internal\Analytics\FloatMetric.cs","Voodoo.Sauce.Internal.Analytics","FloatMetric","22"
"Assets\Scripts\Assembly-CSharp\Voodoo\Sauce\Internal\Analytics\GameAnalyticsDependency.cs","Voodoo.Sauce.Internal.Analytics","GameAnalyticsDependency","12"
"Assets\Scripts\Assembly-CSharp\Voodoo\Sauce\Internal\Analytics\GameAnalyticsEvent.cs","Voodoo.Sauce.Internal.Analytics","GameAnalyticsEvent","16"
"Assets\Scripts\Assembly-CSharp\Voodoo\Sauce\Internal\Analytics\GameAnalyticsIntegrationCheck.cs","Voodoo.Sauce.Internal.Analytics","GameAnalyticsIntegrationCheck","19"
"Assets\Scripts\Assembly-CSharp\Voodoo\Sauce\Internal\Analytics\GameAnalyticsPrivacy.cs","Voodoo.Sauce.Internal.Analytics","GameAnalyticsPrivacy","16"
"Assets\Scripts\Assembly-CSharp\Voodoo\Sauce\Internal\Analytics\GameAnalyticsProvider.cs","Voodoo.Sauce.Internal.Analytics","GameAnalyticsProvider","60"
"Assets\Scripts\Assembly-CSharp\Voodoo\Sauce\Internal\Analytics\GameAnalyticsWrapper.cs","Voodoo.Sauce.Internal.Analytics","GameAnalyticsWrapper","46"
"Assets\Scripts\Assembly-CSharp\Voodoo\Sauce\Internal\Analytics\GameFinishedParameters.cs","Voodoo.Sauce.Internal.Analytics","GameFinishedParameters","50"
"Assets\Scripts\Assembly-CSharp\Voodoo\Sauce\Internal\Analytics\GameStartedParameters.cs","Voodoo.Sauce.Internal.Analytics","GameStartedParameters","34"
"Assets\Scripts\Assembly-CSharp\Voodoo\Sauce\Internal\Analytics\IAnalyticsAttributionProvider.cs","Voodoo.Sauce.Internal.Analytics","IAnalyticsAttributionProvider","8"
"Assets\Scripts\Assembly-CSharp\Voodoo\Sauce\Internal\Analytics\IAnalyticsProvider.cs","Voodoo.Sauce.Internal.Analytics","IAnalyticsProvider","10"
"Assets\Scripts\Assembly-CSharp\Voodoo\Sauce\Internal\Analytics\IAnalyticsProviderSDK.cs","Voodoo.Sauce.Internal.Analytics","IAnalyticsProviderSDK","9"
"Assets\Scripts\Assembly-CSharp\Voodoo\Sauce\Internal\Analytics\IAnalyticStorage.cs","Voodoo.Sauce.Internal.Analytics","IAnalyticStorage","114"
"Assets\Scripts\Assembly-CSharp\Voodoo\Sauce\Internal\Analytics\IAudioAdsAnalyticsManager.cs","Voodoo.Sauce.Internal.Analytics","IAudioAdsAnalyticsManager","38"
"Assets\Scripts\Assembly-CSharp\Voodoo\Sauce\Internal\Analytics\ImpressionAdUnitFormat.cs","Voodoo.Sauce.Internal.Analytics","ImpressionAdUnitFormat","13"
"Assets\Scripts\Assembly-CSharp\Voodoo\Sauce\Internal\Analytics\ImpressionAnalyticsInfo.cs","Voodoo.Sauce.Internal.Analytics","ImpressionAnalyticsInfo","31"
"Assets\Scripts\Assembly-CSharp\Voodoo\Sauce\Internal\Analytics\ImpressionInfoType.cs","Voodoo.Sauce.Internal.Analytics","ImpressionInfoType","10"
"Assets\Scripts\Assembly-CSharp\Voodoo\Sauce\Internal\Analytics\IronSourceImpressionAnalyticsInfo.cs","Voodoo.Sauce.Internal.Analytics","IronSourceImpressionAnalyticsInfo","22"
"Assets\Scripts\Assembly-CSharp\Voodoo\Sauce\Internal\Analytics\ItemTransactionInfo.cs","Voodoo.Sauce.Internal.Analytics","ItemTransactionInfo","25"
"Assets\Scripts\Assembly-CSharp\Voodoo\Sauce\Internal\Analytics\ItemTransactionParameters.cs","Voodoo.Sauce.Internal.Analytics","ItemTransactionParameters","48"
"Assets\Scripts\Assembly-CSharp\Voodoo\Sauce\Internal\Analytics\ItemType.cs","Voodoo.Sauce.Internal.Analytics","ItemType","13"
"Assets\Scripts\Assembly-CSharp\Voodoo\Sauce\Internal\Analytics\LoadingTimeAnalyticsInfo.cs","Voodoo.Sauce.Internal.Analytics","LoadingTimeAnalyticsInfo","14"
"Assets\Scripts\Assembly-CSharp\Voodoo\Sauce\Internal\Analytics\MaxImpressionAnalyticsInfo.cs","Voodoo.Sauce.Internal.Analytics","MaxImpressionAnalyticsInfo","7"
"Assets\Scripts\Assembly-CSharp\Voodoo\Sauce\Internal\Analytics\PerformanceMetricsAnalyticsInfo.cs","Voodoo.Sauce.Internal.Analytics","PerformanceMetricsAnalyticsInfo","41"
"Assets\Scripts\Assembly-CSharp\Voodoo\Sauce\Internal\Analytics\PerformanceMetricsConfig.cs","Voodoo.Sauce.Internal.Analytics","PerformanceMetricsConfig","15"
"Assets\Scripts\Assembly-CSharp\Voodoo\Sauce\Internal\Analytics\Playtime.cs","Voodoo.Sauce.Internal.Analytics","Playtime","12"
"Assets\Scripts\Assembly-CSharp\Voodoo\Sauce\Internal\Analytics\ProgressEvent.cs","Voodoo.Sauce.Internal.Analytics","ProgressEvent","25"
"Assets\Scripts\Assembly-CSharp\Voodoo\Sauce\Internal\Analytics\RewardButtonShownEventAnalyticsInfo.cs","Voodoo.Sauce.Internal.Analytics","RewardButtonShownEventAnalyticsInfo","10"
"Assets\Scripts\Assembly-CSharp\Voodoo\Sauce\Internal\Analytics\RsConfigStatusEvent.cs","Voodoo.Sauce.Internal.Analytics","RsConfigStatusEvent","32"
"Assets\Scripts\Assembly-CSharp\Voodoo\Sauce\Internal\Analytics\RsConfigStatusEventDispatcher.cs","Voodoo.Sauce.Internal.Analytics","RsConfigStatusEventDispatcher","66"
"Assets\Scripts\Assembly-CSharp\Voodoo\Sauce\Internal\Analytics\RsConfigStatusExtensions.cs","Voodoo.Sauce.Internal.Analytics","RsConfigStatusExtensions","16"
"Assets\Scripts\Assembly-CSharp\Voodoo\Sauce\Internal\Analytics\RsConfigStatusOrigin.cs","Voodoo.Sauce.Internal.Analytics","RsConfigStatusOrigin","11"
"Assets\Scripts\Assembly-CSharp\Voodoo\Sauce\Internal\Analytics\RsConfigStatusStep.cs","Voodoo.Sauce.Internal.Analytics","RsConfigStatusStep","10"
"Assets\Scripts\Assembly-CSharp\Voodoo\Sauce\Internal\Analytics\SessionInfo.cs","Voodoo.Sauce.Internal.Analytics","SessionInfo","12"
"Assets\Scripts\Assembly-CSharp\Voodoo\Sauce\Internal\Analytics\TransactionType.cs","Voodoo.Sauce.Internal.Analytics","TransactionType","9"
"Assets\Scripts\Assembly-CSharp\Voodoo\Sauce\Internal\Analytics\VanCustomLog.cs","Voodoo.Sauce.Internal.Analytics","VanCustomLog","17"
"Assets\Scripts\Assembly-CSharp\Voodoo\Sauce\Internal\Analytics\VoodooAnalyticsConfig.cs","Voodoo.Sauce.Internal.Analytics","VoodooAnalyticsConfig","13"
"Assets\Scripts\Assembly-CSharp\Voodoo\Sauce\Internal\Analytics\VoodooAnalyticsConstants.cs","Voodoo.Sauce.Internal.Analytics","VoodooAnalyticsConstants","396"
"Assets\Scripts\Assembly-CSharp\Voodoo\Sauce\Internal\Analytics\VoodooAnalyticsEventParameters.cs","Voodoo.Sauce.Internal.Analytics","VoodooAnalyticsEventParameters","255"
"Assets\Scripts\Assembly-CSharp\Voodoo\Sauce\Internal\Analytics\VoodooAnalyticsIntegrationCheck.cs","Voodoo.Sauce.Internal.Analytics","VoodooAnalyticsIntegrationCheck","17"
"Assets\Scripts\Assembly-CSharp\Voodoo\Sauce\Internal\Analytics\VoodooAnalyticsLoggerEvent.cs","Voodoo.Sauce.Internal.Analytics","VoodooAnalyticsLoggerEvent","61"
"Assets\Scripts\Assembly-CSharp\Voodoo\Sauce\Internal\Analytics\VoodooAnalyticsParameters.cs","Voodoo.Sauce.Internal.Analytics","VoodooAnalyticsParameters","23"
"Assets\Scripts\Assembly-CSharp\Voodoo\Sauce\Internal\Analytics\VoodooAnalyticsPrivacy.cs","Voodoo.Sauce.Internal.Analytics","VoodooAnalyticsPrivacy","16"
"Assets\Scripts\Assembly-CSharp\Voodoo\Sauce\Internal\Analytics\VoodooAnalyticsProvider.cs","Voodoo.Sauce.Internal.Analytics","VoodooAnalyticsProvider","370"
"Assets\Scripts\Assembly-CSharp\Voodoo\Sauce\Internal\Analytics\VoodooAnalyticsWrapper.cs","Voodoo.Sauce.Internal.Analytics","VoodooAnalyticsWrapper","29"
"Assets\Scripts\Assembly-CSharp\Voodoo\Sauce\Internal\Analytics\VoodooFunnel.cs","Voodoo.Sauce.Internal.Analytics","VoodooFunnel","24"
"Assets\Scripts\Assembly-CSharp\Voodoo\Sauce\Internal\Analytics\VoodooFunnelSettings.cs","Voodoo.Sauce.Internal.Analytics","VoodooFunnelSettings","13"
"Assets\Scripts\Assembly-CSharp\Voodoo\Sauce\Internal\Analytics\VoodooFunnelsManager.cs","Voodoo.Sauce.Internal.Analytics","VoodooFunnelsManager","30"
"Assets\Scripts\Assembly-CSharp\Voodoo\Sauce\Internal\Analytics\VoodooFunnelsSettings.cs","Voodoo.Sauce.Internal.Analytics","VoodooFunnelsSettings","16"
"Assets\Scripts\Assembly-CSharp\Voodoo\Sauce\Internal\Analytics\VoodooFunnelStepSettings.cs","Voodoo.Sauce.Internal.Analytics","VoodooFunnelStepSettings","13"
"Assets\Scripts\Assembly-CSharp\Voodoo\Sauce\Internal\Analytics\VoodooTuneAbTestAnalyticsInfo.cs","Voodoo.Sauce.Internal.Analytics","VoodooTuneAbTestAnalyticsInfo","40"
"Assets\Scripts\Assembly-CSharp\Voodoo\Sauce\Internal\Analytics\VoodooTuneInitAnalyticsInfo.cs","Voodoo.Sauce.Internal.Analytics","VoodooTuneInitAnalyticsInfo","22"
"Assets\Scripts\Assembly-CSharp\Voodoo\Sauce\Internal\Analytics\VoodooTuneInitAnalyticsInfoLog.cs","Voodoo.Sauce.Internal.Analytics","VoodooTuneInitAnalyticsInfoLog","22"
"Assets\Scripts\Assembly-CSharp\Voodoo\Sauce\Internal\Analytics\Editor\AppHarbrProviderSDK.cs","Voodoo.Sauce.Internal.Analytics.Editor","AppHarbrProviderSDK","17"
"Assets\Scripts\Assembly-CSharp\Voodoo\Sauce\Internal\Analytics\Editor\GameAnalyticsProviderSDK.cs","Voodoo.Sauce.Internal.Analytics.Editor","GameAnalyticsProviderSDK","15"
"Assets\Scripts\Assembly-CSharp\Voodoo\Sauce\Internal\Analytics\PerformanceTracking\ContinuousMetrics.cs","Voodoo.Sauce.Internal.Analytics.PerformanceTracking","ContinuousMetrics","22"
"Assets\Scripts\Assembly-CSharp\Voodoo\Sauce\Internal\Analytics\PerformanceTracking\CustomPerformanceTrackingManager.cs","Voodoo.Sauce.Internal.Analytics.PerformanceTracking","CustomPerformanceTrackingManager","31"
"Assets\Scripts\Assembly-CSharp\Voodoo\Sauce\Internal\Analytics\PerformanceTracking\FixedIntervalFrameCounter.cs","Voodoo.Sauce.Internal.Analytics.PerformanceTracking","FixedIntervalFrameCounter","19"
"Assets\Scripts\Assembly-CSharp\Voodoo\Sauce\Internal\Analytics\PerformanceTracking\FixedPointMetrics.cs","Voodoo.Sauce.Internal.Analytics.PerformanceTracking","FixedPointMetrics","37"
"Assets\Scripts\Assembly-CSharp\Voodoo\Sauce\Internal\Analytics\PerformanceTracking\FrameCounter.cs","Voodoo.Sauce.Internal.Analytics.PerformanceTracking","FrameCounter","76"
"Assets\Scripts\Assembly-CSharp\Voodoo\Sauce\Internal\Analytics\PerformanceTracking\FrameCounterService.cs","Voodoo.Sauce.Internal.Analytics.PerformanceTracking","FrameCounterService;_003CUpdateLoop_003Ed__9;implementation","103"
"Assets\Scripts\Assembly-CSharp\Voodoo\Sauce\Internal\Analytics\PerformanceTracking\IntervalBasedPerformanceTrackingManager.cs","Voodoo.Sauce.Internal.Analytics.PerformanceTracking","IntervalBasedPerformanceTrackingManager","23"
"Assets\Scripts\Assembly-CSharp\Voodoo\Sauce\Internal\Analytics\PerformanceTracking\PerformanceTrackingManager.cs","Voodoo.Sauce.Internal.Analytics.PerformanceTracking","PerformanceTrackingManager","16"
"Assets\Scripts\Assembly-CSharp\Voodoo\Sauce\Internal\Analytics\PerformanceTracking\PerformanceTrackingMeasurementType.cs","Voodoo.Sauce.Internal.Analytics.PerformanceTracking","PerformanceTrackingMeasurementType","10"
"Assets\Scripts\Assembly-CSharp\Voodoo\Sauce\Internal\Analytics\PerformanceTracking\SceneBasedPerformanceTrackingManager.cs","Voodoo.Sauce.Internal.Analytics.PerformanceTracking","SceneBasedPerformanceTrackingManager","27"
"Assets\Scripts\Assembly-CSharp\Voodoo\Sauce\Internal\Analytics\VoodooAnalytics\_3rdParty\Common\AnalyticsHttpLoggingClientHandler.cs","Voodoo.Sauce.Internal.Analytics.VoodooAnalytics._3rdParty.Common","AnalyticsHttpLoggingClientHandler;_003CSendAsync_003Ed__2;implementation;implementation","68"
"Assets\Scripts\Assembly-CSharp\Voodoo\Sauce\Internal\AppRater\AndroidAppRater.cs","Voodoo.Sauce.Internal.AppRater","AndroidAppRater","58"
"Assets\Scripts\Assembly-CSharp\Voodoo\Sauce\Internal\AppRater\AppRater.cs","Voodoo.Sauce.Internal.AppRater","AppRater","41"
"Assets\Scripts\Assembly-CSharp\Voodoo\Sauce\Internal\Common\Utils\QueryParameters.cs","Voodoo.Sauce.Internal.Common.Utils","QueryParameters","25"
"Assets\Scripts\Assembly-CSharp\Voodoo\Sauce\Internal\CrossPromo\BackupAds\Scripts\BackupAdsManager.cs","Voodoo.Sauce.Internal.CrossPromo.BackupAds.Scripts","BackupAdsManager;BackupAdsState","180"
"Assets\Scripts\Assembly-CSharp\Voodoo\Sauce\Internal\CrossPromo\BackupAds\Scripts\Analytics\BackupAdsAdjustTracking.cs","Voodoo.Sauce.Internal.CrossPromo.BackupAds.Scripts.Analytics","BackupAdsAdjustTracking","53"
"Assets\Scripts\Assembly-CSharp\Voodoo\Sauce\Internal\CrossPromo\BackupAds\Scripts\Analytics\BackupAdsAnalytics.cs","Voodoo.Sauce.Internal.CrossPromo.BackupAds.Scripts.Analytics","BackupAdsAnalytics","21"
"Assets\Scripts\Assembly-CSharp\Voodoo\Sauce\Internal\CrossPromo\BackupAds\Scripts\Canvas\BackupAdsCanvas.cs","Voodoo.Sauce.Internal.CrossPromo.BackupAds.Scripts.Canvas","BackupAdsCanvas;_003CAnimate_003Ed__32;implementation;_003CAnimateHide_003Ed__31;implementation;_003CAnimateShow_003Ed__30;implementation","318"
"Assets\Scripts\Assembly-CSharp\Voodoo\Sauce\Internal\CrossPromo\BackupAds\Scripts\Canvas\BackupAdsCloseButtonLandscape.cs","Voodoo.Sauce.Internal.CrossPromo.BackupAds.Scripts.Canvas","BackupAdsCloseButtonLandscape;_003CCheckOrientation_003Ed__14;implementation","101"
"Assets\Scripts\Assembly-CSharp\Voodoo\Sauce\Internal\CrossPromo\BackupAds\Scripts\Canvas\SimpleVideoPlayer.cs","Voodoo.Sauce.Internal.CrossPromo.BackupAds.Scripts.Canvas","SimpleVideoPlayer","102"
"Assets\Scripts\Assembly-CSharp\Voodoo\Sauce\Internal\CrossPromo\BackupAds\Scripts\Models\BackupAdsAnalyticsInfo.cs","Voodoo.Sauce.Internal.CrossPromo.BackupAds.Scripts.Models","BackupAdsAnalyticsInfo","49"
"Assets\Scripts\Assembly-CSharp\Voodoo\Sauce\Internal\CrossPromo\BackupAds\Scripts\Models\BackupAdsInfo.cs","Voodoo.Sauce.Internal.CrossPromo.BackupAds.Scripts.Models","BackupAdsInfo;BackupAdType","77"
"Assets\Scripts\Assembly-CSharp\Voodoo\Sauce\Internal\CrossPromo\BackupAds\Scripts\Settings\BackupAdsSettings.cs","Voodoo.Sauce.Internal.CrossPromo.BackupAds.Scripts.Settings","BackupAdsSettings","16"
"Assets\Scripts\Assembly-CSharp\Voodoo\Sauce\Internal\CrossPromo\BackupAds\Utils\VideoPlayerTimebar.cs","Voodoo.Sauce.Internal.CrossPromo.BackupAds.Utils","VideoPlayerTimebar;_003CUpdateFillAmountRoutine_003Ed__5;implementation","89"
"Assets\Scripts\Assembly-CSharp\Voodoo\Sauce\Internal\CrossPromo\Configuration\BackupAdsConfig.cs","Voodoo.Sauce.Internal.CrossPromo.Configuration","BackupAdsConfig","15"
"Assets\Scripts\Assembly-CSharp\Voodoo\Sauce\Internal\CrossPromo\Configuration\BackupInterstitialConfig.cs","Voodoo.Sauce.Internal.CrossPromo.Configuration","BackupInterstitialConfig","10"
"Assets\Scripts\Assembly-CSharp\Voodoo\Sauce\Internal\CrossPromo\Mercury\MercuryAPI.cs","Voodoo.Sauce.Internal.CrossPromo.Mercury","MercuryAPI;_003CGetGameInfoCoroutine_003Ed__9;implementation","111"
"Assets\Scripts\Assembly-CSharp\Voodoo\Sauce\Internal\CrossPromo\Mercury\MercuryCache.cs","Voodoo.Sauce.Internal.CrossPromo.Mercury","MercuryCache","57"
"Assets\Scripts\Assembly-CSharp\Voodoo\Sauce\Internal\CrossPromo\Mercury\MercuryDownloader.cs","Voodoo.Sauce.Internal.CrossPromo.Mercury","MercuryDownloader;_003CDownloadVideoCoroutine_003Ed__4;implementation","94"
"Assets\Scripts\Assembly-CSharp\Voodoo\Sauce\Internal\CrossPromo\Mercury\MercuryTestModeManager.cs","Voodoo.Sauce.Internal.CrossPromo.Mercury","MercuryTestModeManager;TestModeState","34"
"Assets\Scripts\Assembly-CSharp\Voodoo\Sauce\Internal\CrossPromo\Mercury\Models\MercuryGame.cs","Voodoo.Sauce.Internal.CrossPromo.Mercury.Models","MercuryGame","19"
"Assets\Scripts\Assembly-CSharp\Voodoo\Sauce\Internal\CrossPromo\Mercury\Models\MercuryPromotedAsset.cs","Voodoo.Sauce.Internal.CrossPromo.Mercury.Models","MercuryPromotedAsset","29"
"Assets\Scripts\Assembly-CSharp\Voodoo\Sauce\Internal\CrossPromo\Mercury\Models\MercuryRequestInfo.cs","Voodoo.Sauce.Internal.CrossPromo.Mercury.Models","MercuryRequestInfo","21"
"Assets\Scripts\Assembly-CSharp\Voodoo\Sauce\Internal\CrossPromo\Mercury\Models\MercuryWaterfall.cs","Voodoo.Sauce.Internal.CrossPromo.Mercury.Models","MercuryWaterfall","33"
"Assets\Scripts\Assembly-CSharp\Voodoo\Sauce\Internal\CrossPromo\Mercury\Parameters\GetGameInfoParameters.cs","Voodoo.Sauce.Internal.CrossPromo.Mercury.Parameters","GetGameInfoParameters","50"
"Assets\Scripts\Assembly-CSharp\Voodoo\Sauce\Internal\DebugScreen\AdsDebugManager.cs","Voodoo.Sauce.Internal.DebugScreen","AdsDebugManager","50"
"Assets\Scripts\Assembly-CSharp\Voodoo\Sauce\Internal\DebugScreen\DebugAdStateBadge.cs","Voodoo.Sauce.Internal.DebugScreen","DebugAdStateBadge;_003CRefreshPeriodically_003Ed__9;implementation","102"
"Assets\Scripts\Assembly-CSharp\Voodoo\Sauce\Internal\DebugScreen\DebugCustomUtility.cs","Voodoo.Sauce.Internal.DebugScreen","DebugCustomUtility","23"
"Assets\Scripts\Assembly-CSharp\Voodoo\Sauce\Internal\DebugScreen\DebugInterstitialAdStateBadge.cs","Voodoo.Sauce.Internal.DebugScreen","DebugInterstitialAdStateBadge","26"
"Assets\Scripts\Assembly-CSharp\Voodoo\Sauce\Internal\DebugScreen\DebugIssueNumberBadge.cs","Voodoo.Sauce.Internal.DebugScreen","DebugIssueNumberBadge","52"
"Assets\Scripts\Assembly-CSharp\Voodoo\Sauce\Internal\DebugScreen\DebugLogMessageListItem.cs","Voodoo.Sauce.Internal.DebugScreen","DebugLogMessageListItem","40"
"Assets\Scripts\Assembly-CSharp\Voodoo\Sauce\Internal\DebugScreen\DebugLogMessagePopup.cs","Voodoo.Sauce.Internal.DebugScreen","DebugLogMessagePopup","36"
"Assets\Scripts\Assembly-CSharp\Voodoo\Sauce\Internal\DebugScreen\DebugLogTypes.cs","Voodoo.Sauce.Internal.DebugScreen","DebugLogTypes","36"
"Assets\Scripts\Assembly-CSharp\Voodoo\Sauce\Internal\DebugScreen\DebugPopup.cs","Voodoo.Sauce.Internal.DebugScreen","DebugPopup","29"
"Assets\Scripts\Assembly-CSharp\Voodoo\Sauce\Internal\DebugScreen\DebugRewardedVideoAdStateBadge.cs","Voodoo.Sauce.Internal.DebugScreen","DebugRewardedVideoAdStateBadge","26"
"Assets\Scripts\Assembly-CSharp\Voodoo\Sauce\Internal\DebugScreen\DebugSpinner.cs","Voodoo.Sauce.Internal.DebugScreen","DebugSpinner","15"
"Assets\Scripts\Assembly-CSharp\Voodoo\Sauce\Internal\DebugScreen\DebugToggleComponent.cs","Voodoo.Sauce.Internal.DebugScreen","DebugToggleComponent","27"
"Assets\Scripts\Assembly-CSharp\Voodoo\Sauce\Internal\DebugScreen\IDebugRefreshable.cs","Voodoo.Sauce.Internal.DebugScreen","IDebugRefreshable","8"
"Assets\Scripts\Assembly-CSharp\Voodoo\Sauce\Internal\DebugScreen\SafeAreaRectTransform.cs","Voodoo.Sauce.Internal.DebugScreen","SafeAreaRectTransform","26"
"Assets\Scripts\Assembly-CSharp\Voodoo\Sauce\Internal\DebugScreen\CodeStage\AdvancedFPSCounter\AFPSCounter.cs","Voodoo.Sauce.Internal.DebugScreen.CodeStage.AdvancedFPSCounter","AFPSCounter","517"
"Assets\Scripts\Assembly-CSharp\Voodoo\Sauce\Internal\DebugScreen\CodeStage\AdvancedFPSCounter\AFPSInputProxy.cs","Voodoo.Sauce.Internal.DebugScreen.CodeStage.AdvancedFPSCounter","AFPSInputProxy","28"
"Assets\Scripts\Assembly-CSharp\Voodoo\Sauce\Internal\DebugScreen\CodeStage\AdvancedFPSCounter\FPSLevel.cs","Voodoo.Sauce.Internal.DebugScreen.CodeStage.AdvancedFPSCounter","FPSLevel","10"
"Assets\Scripts\Assembly-CSharp\Voodoo\Sauce\Internal\DebugScreen\CodeStage\AdvancedFPSCounter\OperationMode.cs","Voodoo.Sauce.Internal.DebugScreen.CodeStage.AdvancedFPSCounter","OperationMode","10"
"Assets\Scripts\Assembly-CSharp\Voodoo\Sauce\Internal\DebugScreen\CodeStage\AdvancedFPSCounter\CountersData\BaseCounterData.cs","Voodoo.Sauce.Internal.DebugScreen.CodeStage.AdvancedFPSCounter.CountersData","BaseCounterData","150"
"Assets\Scripts\Assembly-CSharp\Voodoo\Sauce\Internal\DebugScreen\CodeStage\AdvancedFPSCounter\CountersData\DeviceInfoCounterData.cs","Voodoo.Sauce.Internal.DebugScreen.CodeStage.AdvancedFPSCounter.CountersData","DeviceInfoCounterData","254"
"Assets\Scripts\Assembly-CSharp\Voodoo\Sauce\Internal\DebugScreen\CodeStage\AdvancedFPSCounter\CountersData\FPSCounterData.cs","Voodoo.Sauce.Internal.DebugScreen.CodeStage.AdvancedFPSCounter.CountersData","FPSCounterData;_003CUpdateCounter_003Ed__150;implementation","485"
"Assets\Scripts\Assembly-CSharp\Voodoo\Sauce\Internal\DebugScreen\CodeStage\AdvancedFPSCounter\CountersData\MemoryCounterData.cs","Voodoo.Sauce.Internal.DebugScreen.CodeStage.AdvancedFPSCounter.CountersData","MemoryCounterData;_003CUpdateCounter_003Ed__52;implementation","202"
"Assets\Scripts\Assembly-CSharp\Voodoo\Sauce\Internal\DebugScreen\CodeStage\AdvancedFPSCounter\CountersData\StaticCounterData.cs","Voodoo.Sauce.Internal.DebugScreen.CodeStage.AdvancedFPSCounter.CountersData","StaticCounterData","10"
"Assets\Scripts\Assembly-CSharp\Voodoo\Sauce\Internal\DebugScreen\CodeStage\AdvancedFPSCounter\CountersData\ThermalStateCounterData.cs","Voodoo.Sauce.Internal.DebugScreen.CodeStage.AdvancedFPSCounter.CountersData","ThermalStateCounterData;_003CUpdateCounter_003Ed__7;implementation","101"
"Assets\Scripts\Assembly-CSharp\Voodoo\Sauce\Internal\DebugScreen\CodeStage\AdvancedFPSCounter\CountersData\UpdatableCounterData.cs","Voodoo.Sauce.Internal.DebugScreen.CodeStage.AdvancedFPSCounter.CountersData","UpdatableCounterData","45"
"Assets\Scripts\Assembly-CSharp\Voodoo\Sauce\Internal\DebugScreen\CodeStage\AdvancedFPSCounter\Labels\DrawableLabel.cs","Voodoo.Sauce.Internal.DebugScreen.CodeStage.AdvancedFPSCounter.Labels","DrawableLabel","142"
"Assets\Scripts\Assembly-CSharp\Voodoo\Sauce\Internal\DebugScreen\CodeStage\AdvancedFPSCounter\Labels\LabelAnchor.cs","Voodoo.Sauce.Internal.DebugScreen.CodeStage.AdvancedFPSCounter.Labels","LabelAnchor","13"
"Assets\Scripts\Assembly-CSharp\Voodoo\Sauce\Internal\DebugScreen\CodeStage\AdvancedFPSCounter\Labels\LabelEffect.cs","Voodoo.Sauce.Internal.DebugScreen.CodeStage.AdvancedFPSCounter.Labels","LabelEffect","24"
"Assets\Scripts\Assembly-CSharp\Voodoo\Sauce\Internal\DebugScreen\CodeStage\AdvancedFPSCounter\Utils\AFPSRenderRecorder.cs","Voodoo.Sauce.Internal.DebugScreen.CodeStage.AdvancedFPSCounter.Utils","AFPSRenderRecorder","21"
"Assets\Scripts\Assembly-CSharp\Voodoo\Sauce\Internal\DebugScreen\CodeStage\AdvancedFPSCounter\Utils\CachedNumbers.cs","Voodoo.Sauce.Internal.DebugScreen.CodeStage.AdvancedFPSCounter.Utils","CachedNumbers","34"
"Assets\Scripts\Assembly-CSharp\Voodoo\Sauce\Internal\DebugScreen\CodeStage\AdvancedFPSCounter\Utils\UIUtils.cs","Voodoo.Sauce.Internal.DebugScreen.CodeStage.AdvancedFPSCounter.Utils","UIUtils","12"
"Assets\Scripts\Assembly-CSharp\Voodoo\Sauce\Internal\Editor\SmallSpacerAttribute.cs","Voodoo.Sauce.Internal.Editor","SmallSpacerAttribute","8"
"Assets\Scripts\Assembly-CSharp\Voodoo\Sauce\Internal\Editor\VoodooJvmHeapSizeEnum.cs","Voodoo.Sauce.Internal.Editor","VoodooJvmHeapSizeEnum","10"
"Assets\Scripts\Assembly-CSharp\Voodoo\Sauce\Internal\Extension\BoolExtensions.cs","Voodoo.Sauce.Internal.Extension","BoolExtensions","16"
"Assets\Scripts\Assembly-CSharp\Voodoo\Sauce\Internal\Extension\DateTimeExtension.cs","Voodoo.Sauce.Internal.Extension","DateTimeExtension","17"
"Assets\Scripts\Assembly-CSharp\Voodoo\Sauce\Internal\Extension\DictionaryExtension.cs","Voodoo.Sauce.Internal.Extension","DictionaryExtension","35"
"Assets\Scripts\Assembly-CSharp\Voodoo\Sauce\Internal\Extension\ListExtension.cs","Voodoo.Sauce.Internal.Extension","ListExtension","14"
"Assets\Scripts\Assembly-CSharp\Voodoo\Sauce\Internal\Extension\StringExtension.cs","Voodoo.Sauce.Internal.Extension","StringExtension","60"
"Assets\Scripts\Assembly-CSharp\Voodoo\Sauce\Internal\Extension\TransformExtension.cs","Voodoo.Sauce.Internal.Extension","TransformExtension","12"
"Assets\Scripts\Assembly-CSharp\Voodoo\Sauce\Internal\Firebase\FirebaseInitializer.cs","Voodoo.Sauce.Internal.Firebase","FirebaseInitializer;InitState","35"
"Assets\Scripts\Assembly-CSharp\Voodoo\Sauce\Internal\GDPR\UI\VoodooDebuggerInstructionPopup.cs","Voodoo.Sauce.Internal.GDPR.UI","VoodooDebuggerInstructionPopup","67"
"Assets\Scripts\Assembly-CSharp\Voodoo\Sauce\Internal\IntegrationCheck\IIntegrationCheck.cs","Voodoo.Sauce.Internal.IntegrationCheck","IIntegrationCheck","11"
"Assets\Scripts\Assembly-CSharp\Voodoo\Sauce\Internal\IntegrationCheck\IntegrationCheckMessage.cs","Voodoo.Sauce.Internal.IntegrationCheck","IntegrationCheckMessage;Type","29"
"Assets\Scripts\Assembly-CSharp\Voodoo\Sauce\Internal\RemoteConfig\RemoteConfigConfiguration.cs","Voodoo.Sauce.Internal.RemoteConfig","RemoteConfigConfiguration","13"
"Assets\Scripts\Assembly-CSharp\Voodoo\Sauce\Internal\SDKs\Adapter.cs","Voodoo.Sauce.Internal.SDKs","Adapter","32"
"Assets\Scripts\Assembly-CSharp\Voodoo\Sauce\Internal\SDKs\AdFormat.cs","Voodoo.Sauce.Internal.SDKs","AdFormat","28"
"Assets\Scripts\Assembly-CSharp\Voodoo\Sauce\Internal\SDKs\AdNetworkPlatform.cs","Voodoo.Sauce.Internal.SDKs","AdNetworkPlatform","30"
"Assets\Scripts\Assembly-CSharp\Voodoo\Sauce\Internal\SDKs\AdNetworkSDK.cs","Voodoo.Sauce.Internal.SDKs","AdNetworkSDK","37"
"Assets\Scripts\Assembly-CSharp\Voodoo\Sauce\Internal\SDKs\ISDK.cs","Voodoo.Sauce.Internal.SDKs","ISDK","8"
"Assets\Scripts\Assembly-CSharp\Voodoo\Sauce\Internal\SDKs\MediationSDK.cs","Voodoo.Sauce.Internal.SDKs","MediationSDK","24"
"Assets\Scripts\Assembly-CSharp\Voodoo\Sauce\Internal\SDKs\SDK.cs","Voodoo.Sauce.Internal.SDKs","SDK","35"
"Assets\Scripts\Assembly-CSharp\Voodoo\Sauce\Internal\SDKs\SDKList.cs","Voodoo.Sauce.Internal.SDKs","SDKList","34"
"Assets\Scripts\Assembly-CSharp\Voodoo\Sauce\Internal\SDKs\SDKVersions.cs","Voodoo.Sauce.Internal.SDKs","SDKVersions","35"
"Assets\Scripts\Assembly-CSharp\Voodoo\Sauce\Internal\SDKs\VoodooSauceSDKs.cs","Voodoo.Sauce.Internal.SDKs","VoodooSauceSDKs","23"
"Assets\Scripts\Assembly-CSharp\Voodoo\Sauce\Internal\SDKs\Models\AndroidPackage.cs","Voodoo.Sauce.Internal.SDKs.Models","AndroidPackage","22"
"Assets\Scripts\Assembly-CSharp\Voodoo\Sauce\Internal\SDKs\Models\AndroidPackages.cs","Voodoo.Sauce.Internal.SDKs.Models","AndroidPackages","13"
"Assets\Scripts\Assembly-CSharp\Voodoo\Sauce\Internal\SDKs\Models\Dependencies.cs","Voodoo.Sauce.Internal.SDKs.Models","Dependencies","23"
"Assets\Scripts\Assembly-CSharp\Voodoo\Sauce\Internal\SDKs\Models\IosPod.cs","Voodoo.Sauce.Internal.SDKs.Models","IosPod","24"
"Assets\Scripts\Assembly-CSharp\Voodoo\Sauce\Internal\SDKs\Models\IosPods.cs","Voodoo.Sauce.Internal.SDKs.Models","IosPods","13"
"Assets\Scripts\Assembly-CSharp\Voodoo\Sauce\Internal\SDKs\Models\Repositories.cs","Voodoo.Sauce.Internal.SDKs.Models","Repositories","12"
"Assets\Scripts\Assembly-CSharp\Voodoo\Sauce\Internal\StoreUtility\AndroidAppInfo.cs","Voodoo.Sauce.Internal.StoreUtility","AndroidAppInfo;_003CGetAppUpdateStatus_003Ed__5;implementation;implementation;_003CGetStoreVersion_003Ed__4;implementation;implementation","121"
"Assets\Scripts\Assembly-CSharp\Voodoo\Sauce\Internal\StoreUtility\AppInfo.cs","Voodoo.Sauce.Internal.StoreUtility","AppInfo","26"
"Assets\Scripts\Assembly-CSharp\Voodoo\Sauce\Internal\StoreUtility\AppUpdateCallback.cs","Voodoo.Sauce.Internal.StoreUtility","AppUpdateCallback","23"
"Assets\Scripts\Assembly-CSharp\Voodoo\Sauce\Internal\StoreUtility\AppUpdateInfo.cs","Voodoo.Sauce.Internal.StoreUtility","AppUpdateInfo","16"
"Assets\Scripts\Assembly-CSharp\Voodoo\Sauce\Internal\StoreUtility\AppUpdateStatus.cs","Voodoo.Sauce.Internal.StoreUtility","AppUpdateStatus","11"
"Assets\Scripts\Assembly-CSharp\Voodoo\Sauce\Internal\StoreUtility\PackageInfo.cs","Voodoo.Sauce.Internal.StoreUtility","PackageInfo","16"
"Assets\Scripts\Assembly-CSharp\Voodoo\Sauce\Internal\StoreUtility\UnityGamingAppUpdaterProxy.cs","Voodoo.Sauce.Internal.StoreUtility","UnityGamingAppUpdaterProxy","25"
"Assets\Scripts\Assembly-CSharp\Voodoo\Sauce\Internal\Utils\AndroidUtils.cs","Voodoo.Sauce.Internal.Utils","AndroidUtils","18"
"Assets\Scripts\Assembly-CSharp\Voodoo\Sauce\Internal\Utils\AssembliesUtils.cs","Voodoo.Sauce.Internal.Utils","AssembliesUtils","19"
"Assets\Scripts\Assembly-CSharp\Voodoo\Sauce\Internal\Utils\DeviceUtils.cs","Voodoo.Sauce.Internal.Utils","DeviceUtils","95"
"Assets\Scripts\Assembly-CSharp\Voodoo\Sauce\Internal\Utils\DirectoryUtils.cs","Voodoo.Sauce.Internal.Utils","DirectoryUtils","8"
"Assets\Scripts\Assembly-CSharp\Voodoo\Sauce\Internal\Utils\LanguageUtils.cs","Voodoo.Sauce.Internal.Utils","LanguageUtils","13"
"Assets\Scripts\Assembly-CSharp\Voodoo\Sauce\Internal\Utils\ManifestUtils.cs","Voodoo.Sauce.Internal.Utils","ManifestUtils","33"
"Assets\Scripts\Assembly-CSharp\Voodoo\Sauce\Internal\Utils\ManifestUtilsImpl.cs","Voodoo.Sauce.Internal.Utils","ManifestUtilsImpl","57"
"Assets\Scripts\Assembly-CSharp\Voodoo\Sauce\Internal\Utils\ScreenSizeUtils.cs","Voodoo.Sauce.Internal.Utils","ScreenSizeUtils","40"
"Assets\Scripts\Assembly-CSharp\Voodoo\Sauce\Internal\Utils\TimeUtils.cs","Voodoo.Sauce.Internal.Utils","TimeUtils","23"
"Assets\Scripts\Assembly-CSharp\Voodoo\Sauce\Internal\Utils\UnityThreadExecutor.cs","Voodoo.Sauce.Internal.Utils","UnityThreadExecutor","51"
"Assets\Scripts\Assembly-CSharp\Voodoo\Sauce\Internal\Utils\Yielders.cs","Voodoo.Sauce.Internal.Utils","Yielders","18"
"Assets\Scripts\Assembly-CSharp\Voodoo\Sauce\Internal\VoodooTune\DebugVTConfiguration.cs","Voodoo.Sauce.Internal.VoodooTune","DebugVTConfiguration","68"
"Assets\Scripts\Assembly-CSharp\Voodoo\Sauce\Internal\VoodooTune\DebugVTEnvironmentFooter.cs","Voodoo.Sauce.Internal.VoodooTune","DebugVTEnvironmentFooter","19"
"Assets\Scripts\Assembly-CSharp\Voodoo\Sauce\Internal\VoodooTune\DebugVTLocalTimeout.cs","Voodoo.Sauce.Internal.VoodooTune","DebugVTLocalTimeout","17"
"Assets\Scripts\Assembly-CSharp\Voodoo\Sauce\Internal\VoodooTune\DebugVTManager.cs","Voodoo.Sauce.Internal.VoodooTune","DebugVTManager;_003CLoadDebugConfigurations_003Ed__32;implementation;implementation","177"
"Assets\Scripts\Assembly-CSharp\Voodoo\Sauce\Internal\VoodooTune\VoodooTuneAbTestsTracker.cs","Voodoo.Sauce.Internal.VoodooTune","VoodooTuneAbTestsTracker","43"
"Assets\Scripts\Assembly-CSharp\Voodoo\Sauce\Internal\VoodooTune\VoodooTuneAcquisitionParameters.cs","Voodoo.Sauce.Internal.VoodooTune","VoodooTuneAcquisitionParameters;AcquisitionParameter","28"
"Assets\Scripts\Assembly-CSharp\Voodoo\Sauce\Internal\VoodooTune\VoodooTuneAdsParameters.cs","Voodoo.Sauce.Internal.VoodooTune","VoodooTuneAdsParameters;AdsParameter","22"
"Assets\Scripts\Assembly-CSharp\Voodoo\Sauce\Internal\VoodooTune\VoodooTuneApiException.cs","Voodoo.Sauce.Internal.VoodooTune","VoodooTuneApiException","12"
"Assets\Scripts\Assembly-CSharp\Voodoo\Sauce\Internal\VoodooTune\VoodooTuneManager.cs","Voodoo.Sauce.Internal.VoodooTune","VoodooTuneManager;_003C_003Ec__DisplayClass20_0;_003CLoadConfiguration_003Ed__20;implementation;implementation","320"
"Assets\Scripts\Assembly-CSharp\Voodoo\Sauce\Internal\VoodooTune\VoodooTuneSegmentationManager.cs","Voodoo.Sauce.Internal.VoodooTune","VoodooTuneSegmentationManager","57"
"Assets\Scripts\Assembly-CSharp\Voodoo\Sauce\Internal\VoodooTune\VoodooTuneSessionParameters.cs","Voodoo.Sauce.Internal.VoodooTune","VoodooTuneSessionParameters;SessionParameter","44"
"Assets\Scripts\Assembly-CSharp\Voodoo\Sauce\Internal\VoodooTune\WatchedRewardedVideosCounter.cs","Voodoo.Sauce.Internal.VoodooTune","WatchedRewardedVideosCounter","52"
"Assets\Scripts\Assembly-CSharp\Voodoo\Sauce\LoadingTime\ElapsedTime.cs","Voodoo.Sauce.LoadingTime","ElapsedTime","36"
"Assets\Scripts\Assembly-CSharp\Voodoo\Sauce\LoadingTime\LoadingTimer.cs","Voodoo.Sauce.LoadingTime","LoadingTimer","61"
"Assets\Scripts\Assembly-CSharp\Voodoo\Sauce\LoadingTime\LoadingTimerManager.cs","Voodoo.Sauce.LoadingTime","LoadingTimerManager","168"
"Assets\Scripts\Assembly-CSharp\Voodoo\Sauce\Privacy\AccessDataParameters.cs","Voodoo.Sauce.Privacy","AccessDataParameters","33"
"Assets\Scripts\Assembly-CSharp\Voodoo\Sauce\Privacy\CmpConsent.cs","Voodoo.Sauce.Privacy","CmpConsent","14"
"Assets\Scripts\Assembly-CSharp\Voodoo\Sauce\Privacy\ConsentInsightsParams.cs","Voodoo.Sauce.Privacy","ConsentInsightsParams","46"
"Assets\Scripts\Assembly-CSharp\Voodoo\Sauce\Privacy\DeleteDataParameters.cs","Voodoo.Sauce.Privacy","DeleteDataParameters","33"
"Assets\Scripts\Assembly-CSharp\Voodoo\Sauce\Privacy\IConsentManagementProvider.cs","Voodoo.Sauce.Privacy","IConsentManagementProvider","19"
"Assets\Scripts\Assembly-CSharp\Voodoo\Sauce\Privacy\IConsentManagementProviderSDK.cs","Voodoo.Sauce.Privacy","IConsentManagementProviderSDK","9"
"Assets\Scripts\Assembly-CSharp\Voodoo\Sauce\Privacy\IdfaAuthorizationAbstractPopupLocalisation.cs","Voodoo.Sauce.Privacy","IdfaAuthorizationAbstractPopupLocalisation","12"
"Assets\Scripts\Assembly-CSharp\Voodoo\Sauce\Privacy\IdfaAuthorizationConfig.cs","Voodoo.Sauce.Privacy","IdfaAuthorizationConfig","25"
"Assets\Scripts\Assembly-CSharp\Voodoo\Sauce\Privacy\IdfaAuthorizationOfferwallPopupLocalisation.cs","Voodoo.Sauce.Privacy","IdfaAuthorizationOfferwallPopupLocalisation","15"
"Assets\Scripts\Assembly-CSharp\Voodoo\Sauce\Privacy\IdfaAuthorizationPopupLocalisation.cs","Voodoo.Sauce.Privacy","IdfaAuthorizationPopupLocalisation","13"
"Assets\Scripts\Assembly-CSharp\Voodoo\Sauce\Privacy\IdfaAuthorizationStatus.cs","Voodoo.Sauce.Privacy","IdfaAuthorizationStatus","11"
"Assets\Scripts\Assembly-CSharp\Voodoo\Sauce\Privacy\IPrivacyAPI.cs","Voodoo.Sauce.Privacy","IPrivacyAPI","19"
"Assets\Scripts\Assembly-CSharp\Voodoo\Sauce\Privacy\IPrivacyLink.cs","Voodoo.Sauce.Privacy","IPrivacyLink","12"
"Assets\Scripts\Assembly-CSharp\Voodoo\Sauce\Privacy\NativeWrapper.cs","Voodoo.Sauce.Privacy","NativeWrapper","8"
"Assets\Scripts\Assembly-CSharp\Voodoo\Sauce\Privacy\NeedConsent.cs","Voodoo.Sauce.Privacy","NeedConsent;OfferWallStatus","46"
"Assets\Scripts\Assembly-CSharp\Voodoo\Sauce\Privacy\NeedConsentParams.cs","Voodoo.Sauce.Privacy","NeedConsentParams","40"
"Assets\Scripts\Assembly-CSharp\Voodoo\Sauce\Privacy\PrivacyAPI.cs","Voodoo.Sauce.Privacy","PrivacyAPI","43"
"Assets\Scripts\Assembly-CSharp\Voodoo\Sauce\Privacy\PrivacyCore.cs","Voodoo.Sauce.Privacy","PrivacyCore;GdprConsent;PrivacyManagerParameters;_003CInstantiate_003Ed__13;implementation;implementation","231"
"Assets\Scripts\Assembly-CSharp\Voodoo\Sauce\Privacy\PrivacyEnvironment.cs","Voodoo.Sauce.Privacy","PrivacyEnvironment","9"
"Assets\Scripts\Assembly-CSharp\Voodoo\Sauce\Privacy\PrivacyEventsManager.cs","Voodoo.Sauce.Privacy","PrivacyEventsManager;ScreenName;EventName;Property;ApplePopupButton;GDPRPopupButton","79"
"Assets\Scripts\Assembly-CSharp\Voodoo\Sauce\Privacy\PrivacyInfo.cs","Voodoo.Sauce.Privacy","PrivacyInfo","10"
"Assets\Scripts\Assembly-CSharp\Voodoo\Sauce\Privacy\PrivacyInfoList.cs","Voodoo.Sauce.Privacy","PrivacyInfoList","18"
"Assets\Scripts\Assembly-CSharp\Voodoo\Sauce\Privacy\PrivacyManager.cs","Voodoo.Sauce.Privacy","PrivacyManager;AdvertisingStatus;IdfaHelper;_003C_003Ec__DisplayClass0_0;_003CRequestAdvertisingId_003Ed__0;implementation;implementation;IdfaHelperAndroid;VendorIdHelperAndroid;VendorResult;_003CRequestVendorAsync_003Ed__5;implementation;implementation;_003CAskConsent_003Ed__56;implementation;implementation;_003CDeleteData_003Ed__46;implementation;implementation;_003CInstantiate_003Ed__33;implementation;implementation;_003COnSynchronizeWithServerEnd_003Ed__52;implementation;implementation;_003COpenCmpPrivacySettings_003Ed__40;implementation;implementation;_003CRequestAccessToData_003Ed__48;implementation;implementation;_003CRequestDataDeletion_003Ed__47;implementation;implementation;_003CSendConsent_003Ed__58;implementation;implementation;_003CSendConsent_003Ed__59;implementation;implementation;_003CSynchronizeAdvertisingId_003Ed__49;implementation;implementation;_003CSynchronizeWithServer_003Ed__51;implementation;implementation;_003CUpdateConsent_003Ed__54;implementation;implementation;_003CUpdatePrivacyConsent_003Ed__41;implementation;implementation;_003CUpdateUserConsent_003Ed__43;implementation;implementation","1043"
"Assets\Scripts\Assembly-CSharp\Voodoo\Sauce\Privacy\PrivacyRequest.cs","Voodoo.Sauce.Privacy","PrivacyRequest","13"
"Assets\Scripts\Assembly-CSharp\Voodoo\Sauce\Privacy\PrivacyRequestParams.cs","Voodoo.Sauce.Privacy","PrivacyRequestParams","37"
"Assets\Scripts\Assembly-CSharp\Voodoo\Sauce\Privacy\PrivacySDKType.cs","Voodoo.Sauce.Privacy","PrivacySDKType","11"
"Assets\Scripts\Assembly-CSharp\Voodoo\Sauce\Privacy\PrivacyUtils.cs","Voodoo.Sauce.Privacy","PrivacyUtils;GDPRType","95"
"Assets\Scripts\Assembly-CSharp\Voodoo\Sauce\Privacy\Sourcepoint\Sourcepoint.cs","Voodoo.Sauce.Privacy.Sourcepoint","Sourcepoint;_003C_003Ec__DisplayClass26_0;_003CAskConsent_003Ed__25;implementation;implementation;_003CShowPrivacyScreen_003Ed__26;implementation;implementation;_003CVoodoo_002DSauce_002DPrivacy_002DIConsentManagementProvider_002DGetConsent_003Ed__21;implementation;implementation;_003CVoodoo_002DSauce_002DPrivacy_002DIConsentManagementProvider_002DOpenPrivacySettings_003Ed__22;implementation;implementation","318"
"Assets\Scripts\Assembly-CSharp\Voodoo\Sauce\Privacy\Sourcepoint\SourcepointBehaviour.cs","Voodoo.Sauce.Privacy.Sourcepoint","SourcepointBehaviour;SourcepointBehaviourParameters","59"
"Assets\Scripts\Assembly-CSharp\Voodoo\Sauce\Privacy\Sourcepoint\SourcepointSDK.cs","Voodoo.Sauce.Privacy.Sourcepoint","SourcepointSDK","15"
"Assets\Scripts\Assembly-CSharp\Voodoo\Sauce\Privacy\UI\AccessDataScreen.cs","Voodoo.Sauce.Privacy.UI","AccessDataScreen;Parameters","98"
"Assets\Scripts\Assembly-CSharp\Voodoo\Sauce\Privacy\UI\CmpSettingsScreen.cs","Voodoo.Sauce.Privacy.UI","CmpSettingsScreen;Parameters","94"
"Assets\Scripts\Assembly-CSharp\Voodoo\Sauce\Privacy\UI\ConsentLine.cs","Voodoo.Sauce.Privacy.UI","ConsentLine;Parameters","46"
"Assets\Scripts\Assembly-CSharp\Voodoo\Sauce\Privacy\UI\DataScreenInfo.cs","Voodoo.Sauce.Privacy.UI","DataScreenInfo","10"
"Assets\Scripts\Assembly-CSharp\Voodoo\Sauce\Privacy\UI\DeleteScreen.cs","Voodoo.Sauce.Privacy.UI","DeleteScreen;Parameters","86"
"Assets\Scripts\Assembly-CSharp\Voodoo\Sauce\Privacy\UI\GoogleChromePromotionNotDefaultBrowser.cs","Voodoo.Sauce.Privacy.UI","GoogleChromePromotionNotDefaultBrowser;Parameters","38"
"Assets\Scripts\Assembly-CSharp\Voodoo\Sauce\Privacy\UI\IPrivacyCanvas.cs","Voodoo.Sauce.Privacy.UI","IPrivacyCanvas","42"
"Assets\Scripts\Assembly-CSharp\Voodoo\Sauce\Privacy\UI\IPrivacyUIManager.cs","Voodoo.Sauce.Privacy.UI","IPrivacyUIManager","46"
"Assets\Scripts\Assembly-CSharp\Voodoo\Sauce\Privacy\UI\IPrivacyUIManagerParameters.cs","Voodoo.Sauce.Privacy.UI","IPrivacyUIManagerParameters","14"
"Assets\Scripts\Assembly-CSharp\Voodoo\Sauce\Privacy\UI\LearnMoreScreen.cs","Voodoo.Sauce.Privacy.UI","LearnMoreScreen;Parameters","77"
"Assets\Scripts\Assembly-CSharp\Voodoo\Sauce\Privacy\UI\LoadingScreen.cs","Voodoo.Sauce.Privacy.UI","LoadingScreen","21"
"Assets\Scripts\Assembly-CSharp\Voodoo\Sauce\Privacy\UI\OfferwallTexts.cs","Voodoo.Sauce.Privacy.UI","OfferwallTexts","16"
"Assets\Scripts\Assembly-CSharp\Voodoo\Sauce\Privacy\UI\ParternsScreen.cs","Voodoo.Sauce.Privacy.UI","ParternsScreen;Parameters","76"
"Assets\Scripts\Assembly-CSharp\Voodoo\Sauce\Privacy\UI\PopupScreen.cs","Voodoo.Sauce.Privacy.UI","PopupScreen;Parameters","45"
"Assets\Scripts\Assembly-CSharp\Voodoo\Sauce\Privacy\UI\PrivacyCanvas.cs","Voodoo.Sauce.Privacy.UI","PrivacyCanvas","125"
"Assets\Scripts\Assembly-CSharp\Voodoo\Sauce\Privacy\UI\PrivacyConsent.cs","Voodoo.Sauce.Privacy.UI","PrivacyConsent","10"
"Assets\Scripts\Assembly-CSharp\Voodoo\Sauce\Privacy\UI\PrivacyPolicyElement.cs","Voodoo.Sauce.Privacy.UI","PrivacyPolicyElement;ConsentLineParameters","24"
"Assets\Scripts\Assembly-CSharp\Voodoo\Sauce\Privacy\UI\PrivacyScreen.cs","Voodoo.Sauce.Privacy.UI","PrivacyScreen;Parameters","107"
"Assets\Scripts\Assembly-CSharp\Voodoo\Sauce\Privacy\UI\PrivacyTexts.cs","Voodoo.Sauce.Privacy.UI","PrivacyTexts","84"
"Assets\Scripts\Assembly-CSharp\Voodoo\Sauce\Privacy\UI\PrivacyUIManager.cs","Voodoo.Sauce.Privacy.UI","PrivacyUIManager;_003CGetPrivacyConsent_003Ed__13;implementation;implementation","179"
"Assets\Scripts\Assembly-CSharp\Voodoo\Sauce\Privacy\UI\PrivacyUpdate.cs","Voodoo.Sauce.Privacy.UI","PrivacyUpdate","10"
"Assets\Scripts\Assembly-CSharp\Voodoo\Sauce\Privacy\UI\SettingsScreen.cs","Voodoo.Sauce.Privacy.UI","SettingsScreen;Parameters","132"
"Assets\Scripts\Assembly-CSharp\Voodoo\Sauce\Privacy\UI\SimpleCheckbox.cs","Voodoo.Sauce.Privacy.UI","SimpleCheckbox","47"
"Assets\Scripts\Assembly-CSharp\Voodoo\Sauce\Privacy\UI\UserDetails.cs","Voodoo.Sauce.Privacy.UI","UserDetails","8"
"Assets\Scripts\Assembly-CSharp\Voodoo\Sauce\ThermalState\AndroidThermalStateProvider.cs","Voodoo.Sauce.ThermalState","AndroidThermalStateProvider","13"
"Assets\Scripts\Assembly-CSharp\Voodoo\Sauce\ThermalState\IosThermalStateProvider.cs","Voodoo.Sauce.ThermalState","IosThermalStateProvider","11"
"Assets\Scripts\Assembly-CSharp\Voodoo\Sauce\ThermalState\IThermalStateProvider.cs","Voodoo.Sauce.ThermalState","IThermalStateProvider","8"
"Assets\Scripts\Assembly-CSharp\Voodoo\Sauce\ThermalState\ThermalStateService.cs","Voodoo.Sauce.ThermalState","ThermalStateService","26"
"Assets\Scripts\Assembly-CSharp\Voodoo\Sauce\ThermalState\Description\AndroidThermalStateDescriptor.cs","Voodoo.Sauce.ThermalState.Description","AndroidThermalStateDescriptor","11"
"Assets\Scripts\Assembly-CSharp\Voodoo\Sauce\ThermalState\Description\EditorThermalStateDescriptor.cs","Voodoo.Sauce.ThermalState.Description","EditorThermalStateDescriptor","11"
"Assets\Scripts\Assembly-CSharp\Voodoo\Sauce\ThermalState\Description\IosThermalStateDescriptor.cs","Voodoo.Sauce.ThermalState.Description","IosThermalStateDescriptor","11"
"Assets\Scripts\Assembly-CSharp\Voodoo\Sauce\ThermalState\Description\IThermalStateDescriptor.cs","Voodoo.Sauce.ThermalState.Description","IThermalStateDescriptor","8"
"Assets\Scripts\Assembly-CSharp\Voodoo\Sauce\Tools\AccessButton\AccessButton.cs","Voodoo.Sauce.Tools.AccessButton","AccessButton;_003CRecordingLogoCoroutine_003Ed__7;implementation","102"
"Assets\Scripts\Assembly-CSharp\Voodoo\Sauce\Tools\AccessButton\AccessProcess.cs","Voodoo.Sauce.Tools.AccessButton","AccessProcess","46"
"Assets\Scripts\Assembly-CSharp\Voodoo\Sauce\Tools\AccessButton\BubbleButton.cs","Voodoo.Sauce.Tools.AccessButton","BubbleButton;_003CCheckOrientation_003Ed__27;implementation;_003CEndOfDragBehavior_003Ed__31;implementation;implementation;_003CHideButtonUI_003Ed__29;implementation;implementation;_003CShowButtonUI_003Ed__30;implementation;implementation","295"
"Assets\Scripts\Assembly-CSharp\Voodoo\Sauce\Tools\AccessButton\DebugAccessButton.cs","Voodoo.Sauce.Tools.AccessButton","DebugAccessButton","25"
"Assets\Scripts\Assembly-CSharp\Voodoo\Sauce\Tools\AccessButton\HidePanel.cs","Voodoo.Sauce.Tools.AccessButton","HidePanel;_003CUIAppear_003Ed__15;implementation;implementation","98"
"Assets\Scripts\Assembly-CSharp\Voodoo\Sauce\Tools\PerformanceDisplay\PerformanceDisplayManager.cs","Voodoo.Sauce.Tools.PerformanceDisplay","PerformanceDisplayManager","37"
"Assets\Scripts\Assembly-CSharp\__Funflare\Scripts\Offers\RewardDatabase.cs","__Funflare.Scripts.Offers","RewardDatabase","21"
"Assets\Scripts\Assembly-CSharp\__PROJECT\Dev\Scripts\AnalyticEvents.cs","__PROJECT.Dev.Scripts","AnalyticEvents","38"
"Assets\Scripts\Assembly-CSharp\__PROJECT\Dev\Scripts\Const.cs","__PROJECT.Dev.Scripts","Const;Shop","17"
"Assets\Scripts\Assembly-CSharp\__PROJECT\Dev\Scripts\Currency.cs","__PROJECT.Dev.Scripts","Currency","14"
"Assets\Scripts\Assembly-CSharp\__PROJECT\Dev\Scripts\GalleryPrefs.cs","__PROJECT.Dev.Scripts","GalleryPrefs","17"
"Assets\Scripts\Assembly-CSharp\__PROJECT\Dev\Scripts\GameConfig.cs","__PROJECT.Dev.Scripts","GameConfig","28"
"Assets\Scripts\Assembly-CSharp\__PROJECT\Dev\Scripts\GameStatistics.cs","__PROJECT.Dev.Scripts","GameStatistics","41"
"Assets\Scripts\Assembly-CSharp\__PROJECT\Dev\Scripts\Item.cs","__PROJECT.Dev.Scripts","Item","12"
"Assets\Scripts\Assembly-CSharp\__PROJECT\Dev\Scripts\LevelStatistics.cs","__PROJECT.Dev.Scripts","LevelStatistics","32"
"Assets\Scripts\Assembly-CSharp\__PROJECT\Dev\Scripts\Placement.cs","__PROJECT.Dev.Scripts","Placement","54"
"Assets\Scripts\Assembly-CSharp\__PROJECT\Dev\Scripts\PlayerFlags.cs","__PROJECT.Dev.Scripts","PlayerFlags","12"
"Assets\Scripts\Assembly-CSharp\__PROJECT\Dev\Scripts\SrOptions.cs","__PROJECT.Dev.Scripts","SrOptions","131"
"Assets\Scripts\Assembly-CSharp\__PROJECT\Dev\Scripts\VoodooLoaderScene.cs","__PROJECT.Dev.Scripts","VoodooLoaderScene","27"
"Assets\Scripts\Assembly-CSharp\__PROJECT\Dev\Scripts\AB\GallerySystemConfig.cs","__PROJECT.Dev.Scripts.AB","GallerySystemConfig","27"
"Assets\Scripts\Assembly-CSharp\__PROJECT\Dev\Scripts\Config\Config_ViewShopCategory.cs","__PROJECT.Dev.Scripts.Config","Config_ViewShopCategory","11"
"Assets\Scripts\Assembly-CSharp\__PROJECT\Dev\Scripts\Config\Config_ViewShopItem.cs","__PROJECT.Dev.Scripts.Config","Config_ViewShopItem;CustomConfig","37"
"Assets\Scripts\Assembly-CSharp\__PROJECT\Dev\Scripts\Config\GalleryConfig.cs","__PROJECT.Dev.Scripts.Config","GalleryConfig;Collection;CollectionMilestone","37"
"Assets\Scripts\Assembly-CSharp\__PROJECT\Dev\Scripts\Config\PrefabConfig.cs","__PROJECT.Dev.Scripts.Config","PrefabConfig","12"
"Assets\Scripts\Assembly-CSharp\__PROJECT\Dev\Scripts\Config\SpriteConfig.cs","__PROJECT.Dev.Scripts.Config","SpriteConfig;SpriteMap","29"
"Assets\Scripts\Assembly-CSharp\__PROJECT\Dev\Scripts\Health\HealthMainMenu.cs","__PROJECT.Dev.Scripts.Health","HealthMainMenu;_003CStart_003Ed__0;implementation","71"
"Assets\Scripts\Assembly-CSharp\__PROJECT\Dev\Scripts\Health\HealthManager.cs","__PROJECT.Dev.Scripts.Health","HealthManager","44"
"Assets\Scripts\Assembly-CSharp\__PROJECT\Dev\Scripts\Health\HealthSystem.cs","__PROJECT.Dev.Scripts.Health","HealthSystem","126"
"Assets\Scripts\Assembly-CSharp\__PROJECT\Dev\Scripts\Managers\GalleryManager.cs","__PROJECT.Dev.Scripts.Managers","GalleryManager;GalleryData;CategoryData","86"
"Assets\Scripts\Assembly-CSharp\__PROJECT\Dev\Scripts\Managers\GenericSceneManager.cs","__PROJECT.Dev.Scripts.Managers","GenericSceneManager","10"
"Assets\Scripts\Assembly-CSharp\__PROJECT\Dev\Scripts\Managers\InterstitialManager.cs","__PROJECT.Dev.Scripts.Managers","InterstitialManager","40"
"Assets\Scripts\Assembly-CSharp\__PROJECT\Dev\Scripts\Save\Saver.cs","__PROJECT.Dev.Scripts.Save","Saver","20"
"Assets\Scripts\Assembly-CSharp\__PROJECT\Dev\Scripts\Shop\BaseScriptableRemoteConfig.cs","__PROJECT.Dev.Scripts.Shop","BaseScriptableRemoteConfig","12"
"Assets\Scripts\Assembly-CSharp\__PROJECT\Dev\Scripts\Shop\IReward.cs","__PROJECT.Dev.Scripts.Shop","IReward","14"
"Assets\Scripts\Assembly-CSharp\__PROJECT\Dev\Scripts\Shop\ItemAvailability.cs","__PROJECT.Dev.Scripts.Shop","ItemAvailability","15"
"Assets\Scripts\Assembly-CSharp\__PROJECT\Dev\Scripts\Shop\PurchaseResult.cs","__PROJECT.Dev.Scripts.Shop","PurchaseResult","14"
"Assets\Scripts\Assembly-CSharp\__PROJECT\Dev\Scripts\Shop\PurchaseType.cs","__PROJECT.Dev.Scripts.Shop","PurchaseType","12"
"Assets\Scripts\Assembly-CSharp\__PROJECT\Dev\Scripts\Shop\RC_Shop.cs","__PROJECT.Dev.Scripts.Shop","RC_Shop","14"
"Assets\Scripts\Assembly-CSharp\__PROJECT\Dev\Scripts\Shop\RC_ShopData.cs","__PROJECT.Dev.Scripts.Shop","RC_ShopData","11"
"Assets\Scripts\Assembly-CSharp\__PROJECT\Dev\Scripts\Shop\RewardArgs.cs","__PROJECT.Dev.Scripts.Shop","RewardArgs","17"
"Assets\Scripts\Assembly-CSharp\__PROJECT\Dev\Scripts\Shop\RewardAttribute.cs","__PROJECT.Dev.Scripts.Shop","RewardAttribute","9"
"Assets\Scripts\Assembly-CSharp\__PROJECT\Dev\Scripts\Shop\RewardVisual.cs","__PROJECT.Dev.Scripts.Shop","RewardVisual","18"
"Assets\Scripts\Assembly-CSharp\__PROJECT\Dev\Scripts\Shop\ShopDatabase.cs","__PROJECT.Dev.Scripts.Shop","ShopDatabase","93"
"Assets\Scripts\Assembly-CSharp\__PROJECT\Dev\Scripts\Shop\ShopItemData.cs","__PROJECT.Dev.Scripts.Shop","ShopItemData","67"
"Assets\Scripts\Assembly-CSharp\__PROJECT\Dev\Scripts\Shop\ShopManager.cs","__PROJECT.Dev.Scripts.Shop","ShopManager;_003CGiveRestoredProductRewards_003Ed__11;implementation;implementation","130"
"Assets\Scripts\Assembly-CSharp\__PROJECT\Dev\Scripts\Shop\VoodooPurchaseHandler.cs","__PROJECT.Dev.Scripts.Shop","VoodooPurchaseHandler","25"
"Assets\Scripts\Assembly-CSharp\__PROJECT\Dev\Scripts\Shop\Reward\Reward_Booster.cs","__PROJECT.Dev.Scripts.Shop.Reward","Reward_Booster","34"
"Assets\Scripts\Assembly-CSharp\__PROJECT\Dev\Scripts\Shop\Reward\Reward_Bundle.cs","__PROJECT.Dev.Scripts.Shop.Reward","Reward_Bundle;Bundles;BundleConfig","53"
"Assets\Scripts\Assembly-CSharp\__PROJECT\Dev\Scripts\Shop\Reward\Reward_Coin.cs","__PROJECT.Dev.Scripts.Shop.Reward","Reward_Coin","24"
"Assets\Scripts\Assembly-CSharp\__PROJECT\Dev\Scripts\Shop\Reward\Reward_CoinPreset.cs","__PROJECT.Dev.Scripts.Shop.Reward","Reward_CoinPreset;CoinConfig","35"
"Assets\Scripts\Assembly-CSharp\__PROJECT\Dev\Scripts\Shop\Reward\Reward_Gift.cs","__PROJECT.Dev.Scripts.Shop.Reward","Reward_Gift;Gifts;GiftConfig","52"
"Assets\Scripts\Assembly-CSharp\__PROJECT\Dev\Scripts\Shop\Reward\Reward_Health.cs","__PROJECT.Dev.Scripts.Shop.Reward","Reward_Health","24"
"Assets\Scripts\Assembly-CSharp\__PROJECT\Dev\Scripts\Shop\Reward\Reward_InfHealth.cs","__PROJECT.Dev.Scripts.Shop.Reward","Reward_InfHealth","24"
"Assets\Scripts\Assembly-CSharp\__PROJECT\Dev\Scripts\Shop\Reward\Reward_Premium.cs","__PROJECT.Dev.Scripts.Shop.Reward","Reward_Premium","24"
"Assets\Scripts\Assembly-CSharp\__PROJECT\Dev\Scripts\Ui\Canvas_FakeLoading.cs","__PROJECT.Dev.Scripts.Ui","Canvas_FakeLoading","19"
"Assets\Scripts\Assembly-CSharp\__PROJECT\Dev\Scripts\Ui\ImageSequence.cs","__PROJECT.Dev.Scripts.Ui","ImageSequence","26"
"Assets\Scripts\Assembly-CSharp\__PROJECT\Dev\Scripts\Ui\Gallery\Canvas_Gallery.cs","__PROJECT.Dev.Scripts.Ui.Gallery","Canvas_Gallery;_003CForwardToPageOfInterest_003Ed__31;implementation;implementation;_003COnClickLeft_003Ed__35;implementation;implementation;_003COnClickRight_003Ed__36;implementation;implementation;_003COnEnable_003Ed__28;implementation;implementation;_003CPreLoadAddressableSprites_003Ed__40;implementation;implementation","364"
"Assets\Scripts\Assembly-CSharp\__PROJECT\Dev\Scripts\Ui\Gallery\CategoryConfig.cs","__PROJECT.Dev.Scripts.Ui.Gallery","CategoryConfig","25"
"Assets\Scripts\Assembly-CSharp\__PROJECT\Dev\Scripts\Ui\Gallery\Effect_Gallery_Particle.cs","__PROJECT.Dev.Scripts.Ui.Gallery","Effect_Gallery_Particle","37"
"Assets\Scripts\Assembly-CSharp\__PROJECT\Dev\Scripts\Ui\Gallery\Nav_Gallery_Btn_AB.cs","__PROJECT.Dev.Scripts.Ui.Gallery","Nav_Gallery_Btn_AB","54"
"Assets\Scripts\Assembly-CSharp\__PROJECT\Dev\Scripts\Ui\Gallery\Popup_Gallery_Reward_Gift.cs","__PROJECT.Dev.Scripts.Ui.Gallery","Popup_Gallery_Reward_Gift;_003COpenAnimation_003Ed__17;implementation","150"
"Assets\Scripts\Assembly-CSharp\__PROJECT\Dev\Scripts\Ui\Gallery\Popup_Gallery_Reward_Single.cs","__PROJECT.Dev.Scripts.Ui.Gallery","Popup_Gallery_Reward_Single","82"
"Assets\Scripts\Assembly-CSharp\__PROJECT\Dev\Scripts\Ui\Gallery\View_Gallery_Card.cs","__PROJECT.Dev.Scripts.Ui.Gallery","View_Gallery_Card","55"
"Assets\Scripts\Assembly-CSharp\__PROJECT\Dev\Scripts\Ui\Gallery\View_Gallery_Category.cs","__PROJECT.Dev.Scripts.Ui.Gallery","View_Gallery_Category","30"
"Assets\Scripts\Assembly-CSharp\__PROJECT\Dev\Scripts\Ui\Gallery\View_Gallery_Milestone.cs","__PROJECT.Dev.Scripts.Ui.Gallery","View_Gallery_Milestone","58"
"Assets\Scripts\Assembly-CSharp\__PROJECT\Dev\Scripts\Ui\Gallery\View_Gallery_Progress.cs","__PROJECT.Dev.Scripts.Ui.Gallery","View_Gallery_Progress","62"
"Assets\Scripts\Assembly-CSharp\__PROJECT\Dev\Scripts\Ui\Heart\Canvas_NoLives.cs","__PROJECT.Dev.Scripts.Ui.Heart","Canvas_NoLives","92"
"Assets\Scripts\Assembly-CSharp\__PROJECT\Dev\Scripts\Ui\Heart\Panel\Panel_ExitConfirm.cs","__PROJECT.Dev.Scripts.Ui.Heart.Panel","Panel_ExitConfirm","33"
"Assets\Scripts\Assembly-CSharp\__PROJECT\Dev\Scripts\Ui\Heart\View\View_Heart.cs","__PROJECT.Dev.Scripts.Ui.Heart.View","View_Heart","28"
"Assets\Scripts\Assembly-CSharp\__PROJECT\Dev\Scripts\Ui\Heart\View\View_HeartCount.cs","__PROJECT.Dev.Scripts.Ui.Heart.View","View_HeartCount","45"
"Assets\Scripts\Assembly-CSharp\__PROJECT\Dev\Scripts\Ui\Heart\View\View_HeartLayout.cs","__PROJECT.Dev.Scripts.Ui.Heart.View","View_HeartLayout","38"
"Assets\Scripts\Assembly-CSharp\__PROJECT\Dev\Scripts\Ui\Heart\View\View_TimeToNextLife.cs","__PROJECT.Dev.Scripts.Ui.Heart.View","View_TimeToNextLife","25"
"Assets\Scripts\Assembly-CSharp\__PROJECT\Dev\Scripts\Ui\Home\Canvas_NavBar.cs","__PROJECT.Dev.Scripts.Ui.Home","Canvas_NavBar","50"
"Assets\Scripts\Assembly-CSharp\__PROJECT\Dev\Scripts\Ui\Home\View_NavBar_Button.cs","__PROJECT.Dev.Scripts.Ui.Home","View_NavBar_Button","68"
"Assets\Scripts\Assembly-CSharp\__PROJECT\Dev\Scripts\Ui\Settings\UiPrivacyButton.cs","__PROJECT.Dev.Scripts.Ui.Settings","UiPrivacyButton","12"
"Assets\Scripts\Assembly-CSharp\__PROJECT\Dev\Scripts\Ui\Settings\UiRestoreButton.cs","__PROJECT.Dev.Scripts.Ui.Settings","UiRestoreButton","16"
"Assets\Scripts\Assembly-CSharp\__PROJECT\Dev\Scripts\Ui\Shop\Canvas_NoAds_Popup.cs","__PROJECT.Dev.Scripts.Ui.Shop","Canvas_NoAds_Popup","54"
"Assets\Scripts\Assembly-CSharp\__PROJECT\Dev\Scripts\Ui\Shop\Canvas_Shop.cs","__PROJECT.Dev.Scripts.Ui.Shop","Canvas_Shop;CategoryConfig","92"
"Assets\Scripts\Assembly-CSharp\__PROJECT\Dev\Scripts\Ui\Shop\Canvas_ShopItemPopup.cs","__PROJECT.Dev.Scripts.Ui.Shop","Canvas_ShopItemPopup","59"
"Assets\Scripts\Assembly-CSharp\__PROJECT\Dev\Scripts\Ui\Shop\Element_NoAdsWidget.cs","__PROJECT.Dev.Scripts.Ui.Shop","Element_NoAdsWidget","27"
"Assets\Scripts\Assembly-CSharp\__PROJECT\Dev\Scripts\Ui\Shop\View_RewardElement.cs","__PROJECT.Dev.Scripts.Ui.Shop","View_RewardElement","33"
"Assets\Scripts\Assembly-CSharp\__PROJECT\Dev\Scripts\Ui\Shop\View_ShopCategory.cs","__PROJECT.Dev.Scripts.Ui.Shop","View_ShopCategory","30"
"Assets\Scripts\Assembly-CSharp\__PROJECT\Dev\Scripts\Ui\Shop\View_ShopItem.cs","__PROJECT.Dev.Scripts.Ui.Shop","View_ShopItem","46"
"Assets\Scripts\Assembly-CSharp\__PROJECT\Dev\Scripts\Ui\UiCanvas\SuccessUICanvas.cs","__PROJECT.Dev.Scripts.Ui.UiCanvas","SuccessUICanvas","65"
"Assets\Scripts\Assembly-CSharp\__PROJECT\Dev\Scripts\Util\NumberExt.cs","__PROJECT.Dev.Scripts.Util","NumberExt","16"
"Assets\Scripts\Assembly-CSharp\__PROJECT\Dev\Scripts\Util\ScrollRectExtensions.cs","__PROJECT.Dev.Scripts.Util","ScrollRectExtensions","14"
"Assets\Scripts\Assembly-CSharp\__PROJECT\Dev\Scripts\Util\TimeExt.cs","__PROJECT.Dev.Scripts.Util","TimeExt","13"
